playerName,AerialLossPerD90m,AerialLossPerDefense,AerialLossTotal,AerialWonPerD90m,AerialWonPerDefense,AerialWonTotal,AttackTimes,ClearPerD90m,ClearPerDefense,ClearTotal,DefendTimes,DispossessedInD3rdPerA90m,DispossessedInD3rdPerAttack,DispossessedInD3rdTotal,DispossessedPerA90m,DispossessedPerAttack,DispossessedTotal,DribblePerA90m,DribblePerAttack,DribbleTotal,ForwardPassMeterPerA90m,ForwardPassMeterPerAttack,ForwardPassMeterTotal,ForwardPassPerA90m,ForwardPassPerAttack,ForwardPassTotal,FoulPerD90m,FoulPerDefense,FoulTotal,FouledPerA90m,FouledPerAttack,FouledTotal,GoalPerA90m,GoalPerAttack,GoalTotal,InterceptionsPerD90m,InterceptionsPerDefense,InterceptionsTotal,KeyPassPerA90m,KeyPassPerAttack,KeyPassTotal,PassCrossAccuratePerA90m,PassCrossAccuratePerAttack,PassCrossAccurateTotal,PassLeadingKpPerA90m,PassLeadingKpPerAttack,PassLeadingKpTotal,PassPerA90m,PassPerAttack,PassTotal,Rounds,SavePerD90m,SavePerDefense,SaveTotal,ShotPerA90m,ShotPerAttack,ShotTotal,SuccessPassPerA90m,SuccessPassPerAttack,SuccessPassTotal,SuccessfulPassToA3rdPerA90m,SuccessfulPassToA3rdPerAttack,SuccessfulPassToA3rdTotal,TacklesPerD90m,TacklesPerDefense,TacklesTotal,TurnoverPerA90m,TurnoverPerAttack,TurnoverTotal,UnSuccessPassPerA90m,UnSuccessPassPerAttack,UnSuccessPassTotal,minutes,opponent_team_id,team_id
Mike te Wierik,2.86118898297737,0.48466690165667964,55.0,3.537470015317475,0.5992245329573492,68.0,1541.533333333333,7.126961648507267,1.2072611913993656,137.0,1730.0500000000004,0.23353371102365617,0.035248501938667604,4.0,0.3503005665354842,0.052872752908001405,6.0,0.1751502832677421,0.026436376454000703,3.0,41.88392168990322,6.321766088562722,717.3940157300977,56.1648575011893,8.47726471624956,962.0,1.9247998612756854,0.3260486429326754,37.0,1.4595856938978509,0.22030313711667251,25.0,0.0,0.0,0.0,4.1097078119129495,0.6961579132886853,79.0,0.46706742204731233,0.07049700387733521,8.0,0.29191713877957015,0.04406062742333451,5.0,0.3503005665354842,0.052872752908001405,6.0,81.97033256930331,12.37222418047233,1404.0,11348,0.0,0.0,0.0,0.8173679885827965,0.12336975678533663,14.0,60.66038143839469,9.15579837856891,1039.0,3.7365393763784986,0.5639760310186817,64.0,2.0808647148926327,0.3524850193866761,40.0,0.5254508498032263,0.07930912936200211,9.0,14.012022661419367,2.1149101163200563,240.0,1433.0,15413,26530
Jeffrey Chabot,3.6535859269282804,0.629080118694362,53.0,7.031429519748766,1.2106824925816024,102.0,1118.7499999999998,6.755687185640971,1.1632047477744807,98.0,1305.566666666667,0.3217877094972068,0.04747774480712166,4.0,0.7240223463687153,0.10682492581602374,9.0,0.8849162011173186,0.13056379821958455,11.0,108.91183964161843,16.06925428276434,1353.8346733228955,75.78100558659219,11.181008902077151,942.0,1.930196338754563,0.3323442136498516,28.0,1.7698324022346372,0.2611275964391691,22.0,0.0804469273743017,0.011869436201780416,1.0,2.9642300916587936,0.5103857566765578,43.0,0.4022346368715084,0.05934718100890207,5.0,0.0,0.0,0.0,0.4022346368715084,0.05934718100890207,5.0,96.93854748603354,14.3026706231454,1205.0,8425,0.0,0.0,0.0,0.8044692737430168,0.11869436201780414,10.0,69.02346368715085,10.183976261127595,858.0,6.516201117318437,0.9614243323442135,81.0,2.61955217402405,0.45103857566765576,38.0,1.1262569832402236,0.1661721068249258,14.0,27.27150837988827,4.023738872403561,339.0,893.0,14294,23498
Daniel Schwaab,4.158587400470315,0.6326968704101232,56.0,5.940839143529022,0.9038526720144615,80.0,1665.8499999999997,8.242914311646519,1.2540955824200655,111.0,1211.9500000000003,0.10805294594351235,0.022596316800361543,2.0,0.2161058918870247,0.045192633600723085,4.0,0.1620794189152685,0.03389447520054231,3.0,214.13467266931843,44.78040704329505,3963.513827402045,105.62175465978332,22.087899672353405,1955.0,1.1139073394116916,0.16947237600271156,15.0,0.27013236485878084,0.056490792000903844,5.0,0.054026472971756175,0.011298158400180771,1.0,2.2278146788233832,0.3389447520054231,30.0,0.2161058918870247,0.045192633600723085,4.0,0.0,0.0,0.0,0.10805294594351235,0.022596316800361543,2.0,128.0427409430621,26.77663540842843,2370.0,8851,0.0,0.0,0.0,0.7023441486328302,0.14687605920235003,13.0,113.02338145691391,23.635747373178173,2092.0,7.995917999819913,1.6721274432267539,148.0,2.67337761458806,0.4067337024065077,36.0,0.27013236485878084,0.056490792000903844,5.0,14.749227121289435,3.0843972432493505,273.0,1227.0,15051,3999
Nick Viergever,5.6270515292033565,0.836732559355716,80.0,5.41603709685823,0.8053550883798767,77.0,1831.35,8.159224717344864,1.2132622110657882,116.0,1279.5333333333333,0.14743222213121468,0.031377470975839344,3.0,0.34400851830616763,0.07321409894362514,7.0,0.29486444426242936,0.06275494195167869,6.0,122.76053284232763,26.126683845343546,2497.9722424532965,89.0982062412974,18.962451626398913,1813.0,1.195748449955713,0.17780566886308963,17.0,0.39315259234990585,0.0836732559355716,8.0,0.14743222213121468,0.031377470975839344,3.0,1.7584536028760485,0.26147892479866125,25.0,0.29486444426242936,0.06275494195167869,6.0,0.14743222213121468,0.031377470975839344,3.0,0.29486444426242936,0.06275494195167869,6.0,112.68736178229175,23.982846982533207,2293.0,9561,0.0,0.0,0.0,0.5405848144811205,0.11505072691141092,11.0,100.25391104922598,21.336680263570756,2040.0,7.224178884429519,1.537496077816128,147.0,1.4771010264158808,0.21964229683087544,21.0,1.0320255549185027,0.21964229683087544,21.0,11.253992956016056,2.395146951155737,229.0,1220.0,16926,4386
Sven Nieuwpoort,3.1383944787504534,0.6519967400162999,32.0,3.628768616055212,0.7538712306438468,37.0,658.8166666666666,9.415183436251361,1.9559902200488997,96.0,917.6666666666667,0.4098256975891118,0.061124694376528114,3.0,0.4098256975891118,0.061124694376528114,3.0,0.0,0.0,0.0,49.991460911782816,7.456127782237099,365.9467515521968,57.64881479420173,8.598207008964955,422.0,0.8826734471485651,0.18337408312958436,9.0,0.5464342634521492,0.08149959250203749,4.0,0.0,0.0,0.0,1.274972756992372,0.26487367563162184,13.0,0.1366085658630373,0.020374898125509373,1.0,0.0,0.0,0.0,0.1366085658630373,0.020374898125509373,1.0,81.41870525437021,12.143439282803586,596.0,4908,0.0,0.0,0.0,0.8196513951782236,0.12224938875305623,6.0,66.80158870702523,9.963325183374083,489.0,2.595562751397708,0.3871230643846781,19.0,0.5884489647657101,0.12224938875305623,6.0,0.2732171317260746,0.040749796251018745,2.0,14.07068228389284,2.0986145069274653,103.0,201.0,14531,7710
Bart Straalman,4.237998323955465,0.7741766172418318,59.0,4.668981204357716,0.852906442724052,65.0,1096.1333333333334,6.752065126301928,1.2334339325547827,94.0,1252.9499999999998,0.08210679965940883,0.01312163758037003,1.0,0.49264079795645294,0.07872982548222018,6.0,0.4105339982970441,0.06560818790185015,5.0,52.48952362815908,8.388446616747988,639.2835166623641,61.74431334387544,9.867471460438262,752.0,1.795762001676045,0.32804093950925073,25.0,0.7389611969346794,0.11809473822333026,9.0,0.08210679965940883,0.01312163758037003,1.0,1.9394229618101282,0.3542842146699908,27.0,0.16421359931881765,0.02624327516074006,2.0,0.08210679965940883,0.01312163758037003,1.0,0.16421359931881765,0.02624327516074006,2.0,86.70478044033571,13.856449284870752,1056.0,7621,0.0,0.0,0.0,0.9852815959129059,0.15745965096444037,12.0,69.38024571220045,11.087783755412675,845.0,4.680087580586303,0.7479333420810916,57.0,1.2211181611397106,0.2230678388662905,17.0,1.1494951952317236,0.18370292612518044,14.0,16.503466731541174,2.637449153654376,201.0,1248.0,16670,8738
Hervé Matthys,2.606025153553672,0.5211623499684144,33.0,2.763966071950864,0.5527479469361971,35.0,921.2833333333335,8.52880959344838,1.705622236260265,108.0,1139.6666666666663,0.1953796334822801,0.03158559696778269,2.0,0.3907592669645602,0.06317119393556538,4.0,0.09768981674114005,0.015792798483891344,1.0,62.440540679636584,10.094305722690953,639.1714383607912,76.00267742460696,12.286797220467466,778.0,0.5527932143901727,0.11054958938723942,7.0,0.1953796334822801,0.03158559696778269,2.0,0.0,0.0,0.0,2.5270546943550753,0.505369551484523,32.0,0.5861389004468402,0.09475679090334807,6.0,0.5861389004468402,0.09475679090334807,6.0,0.4884490837057003,0.07896399241945673,5.0,103.94196501257301,16.803537586860394,1064.0,6332,0.0,0.0,0.0,0.4884490837057003,0.07896399241945673,5.0,80.39871917795826,12.997473152242577,823.0,6.349838088174103,1.0265319014529375,65.0,1.342497806376134,0.26847757422615287,17.0,0.9768981674114006,0.15792798483891346,10.0,16.509579029252667,2.668982943777637,169.0,480.0,14695,26877
Jurgen Mattheij,4.084637727932871,0.8243570015387996,75.0,6.263111182830403,1.2640140690261596,115.0,1341.6500000000008,13.615459093109571,2.747856671795999,250.0,1652.533333333333,0.20124473595945278,0.03297428006155199,3.0,0.26832631461260376,0.04396570674873598,4.0,0.20124473595945278,0.03297428006155199,3.0,126.39754061622328,20.71044434280502,1884.2362263084008,79.08918123206494,12.95889206418993,1179.0,2.3963208003872842,0.48362277423609584,44.0,1.073305258450415,0.17586282699494393,16.0,0.20124473595945278,0.03297428006155199,3.0,2.5597063095045995,0.5165970542976479,47.0,0.7378973651846602,0.12090569355902396,11.0,0.06708157865315094,0.010991426687183996,1.0,0.6037342078783584,0.09892284018465597,9.0,96.32914694592475,15.783688722796219,1436.0,9098,0.0,0.0,0.0,1.744121044981924,0.2857770938667839,26.0,70.7039839004211,11.584963728291932,1054.0,9.123094696828527,1.4948340294570235,136.0,1.8517024366629018,0.37370850736425587,34.0,1.073305258450415,0.17586282699494393,16.0,25.0214288376253,4.099802154319631,373.0,1248.0,14564,27744
Tom Beugelsdijk,4.042390793799906,0.7455050431223506,51.0,5.944692343823391,1.0963309457681627,75.0,1083.1999999999998,8.956669798027242,1.6518052916240316,113.0,1135.4666666666667,0.4154357459379617,0.0730887297178775,5.0,0.5816100443131463,0.1023242216050285,7.0,0.8308714918759234,0.146177459435755,10.0,58.10399932764991,10.222393099077518,699.313911907893,56.3330871491876,9.91083174974419,678.0,2.140089243776421,0.3946791404765385,27.0,1.744830132939439,0.3069726648150855,21.0,0.0,0.0,0.0,4.755753875058713,0.87706475661453,60.0,1.0801329394387003,0.1900306972664815,13.0,0.0,0.0,0.0,0.8308714918759234,0.146177459435755,10.0,76.19091580502217,13.404473030258735,917.0,6841,0.0,0.0,0.0,1.5786558345642543,0.2777371729279345,19.0,55.41912850812408,9.75003654436486,667.0,4.735967503692763,0.8332115187838036,57.0,1.7437764208548614,0.321590410758661,22.0,1.4124815361890695,0.24850168104078352,17.0,20.439438700147715,3.595965502119573,246.0,1047.0,12744,21392
Wilfried Kanon,3.0465817940981683,0.5734230865120917,46.0,2.847891677091766,0.5360259286960858,43.0,1226.9333333333334,8.41121495327103,1.5831463475442533,127.0,1358.8999999999999,0.1467072375570528,0.02493143854400399,2.0,0.2200608563355792,0.037397157816005985,3.0,0.5868289502282112,0.09972575417601597,8.0,42.499056785469556,7.222292778929996,579.3723267257643,49.733753531840904,8.451757666417352,678.0,1.5232908970490842,0.28671154325604586,23.0,1.3203651380134753,0.22438294689603588,18.0,0.0733536187785264,0.012465719272001996,1.0,3.377731989108838,0.6357516828721017,51.0,0.1467072375570528,0.02493143854400399,2.0,0.0733536187785264,0.012465719272001996,1.0,0.1467072375570528,0.02493143854400399,2.0,68.51227993914367,11.642981800049863,934.0,8022,0.0,0.0,0.0,0.6601825690067377,0.11219147344801794,9.0,54.428385133666595,9.24956369982548,742.0,3.007498369919583,0.5110944901520819,41.0,2.5167414820810956,0.47369733233607575,38.0,1.0269506628993696,0.17452006980802792,14.0,13.570419474027384,2.306158065320369,185.0,811.0,15401,25212
Karol Mets,3.43863000614041,0.7054673721340388,28.0,5.28075322371563,1.0833963214915596,43.0,651.0999999999999,11.543972163471379,2.36835474930713,94.0,732.8500000000001,0.0,0.0,0.0,0.0,0.0,0.0,0.5529104592228538,0.10078105316200556,4.0,107.49103901758062,19.59279289615261,777.6379500482971,79.48087851328522,14.487276392038298,575.0,1.1052739305451318,0.22675736961451248,9.0,0.6911380740285671,0.12597631645250693,5.0,0.13822761480571344,0.02519526329050139,1.0,2.456164290100293,0.5039052658100277,20.0,0.2764552296114269,0.05039052658100278,2.0,0.0,0.0,0.0,0.13822761480571344,0.02519526329050139,1.0,118.32283827369069,21.567145376669185,856.0,3969,0.0,0.0,0.0,0.13822761480571344,0.02519526329050139,1.0,101.73552449700509,18.54371378180902,736.0,8.431884503148519,1.5369110607205845,61.0,1.2280821450501465,0.25195263290501385,10.0,0.8293656888342805,0.15117157974300832,6.0,16.310858547074183,2.9730410682791635,118.0,0.0,8201,15660
Menno Koch,3.09914902038393,0.6288626260435867,58.0,5.931130021769245,1.2035129567385883,111.0,1390.7999999999997,9.778349495349296,1.9841700097582131,183.0,1684.3333333333335,0.0,0.0,0.0,0.2588438308886972,0.04336983627886805,4.0,0.38826574633304584,0.06505475441830207,6.0,73.13631694636616,12.254145988772759,1130.1998845445116,81.21225194132874,13.60728613249485,1255.0,1.8167425291905797,0.3686436083703784,34.0,0.3235547886108715,0.054212295348585064,5.0,0.1294219154443486,0.021684918139434024,2.0,3.5800514545814366,0.7264447576710398,67.0,0.19413287316652292,0.03252737720915103,3.0,0.1294219154443486,0.021684918139434024,2.0,0.19413287316652292,0.03252737720915103,3.0,101.07851596203625,16.935921066897972,1562.0,9223,0.0,0.0,0.0,1.1647972389991375,0.1951642632549062,18.0,84.5772217428818,14.171094004120135,1307.0,3.300258843830889,0.5529654125555676,51.0,1.7633089253908567,0.35780114930066137,33.0,0.7765314926660917,0.13010950883660413,12.0,15.983606557377051,2.678087390220102,247.0,1140.0,15363,25839
Thomas Lam,2.6781977960663967,0.49489638107021344,32.0,4.0172966940995956,0.7423445716053201,48.0,1169.4333333333334,7.86720602594504,1.4537581193937519,94.0,1075.3500000000001,0.0,0.0,0.0,0.23088105350169597,0.046396535725332505,3.0,0.23088105350169597,0.046396535725332505,3.0,103.29821837748115,20.758219033675697,1342.2264427174707,77.960835732406,15.666563563253943,1013.0,2.5945041149393218,0.47943086916176925,31.0,1.0774449163412478,0.21651716671821836,14.0,0.30784140466892795,0.06186204763377668,4.0,2.5945041149393218,0.47943086916176925,31.0,0.6926431605050879,0.13918960717599752,9.0,0.0,0.0,0.0,0.6156828093378559,0.12372409526755336,8.0,115.05572499501181,23.120940303124033,1495.0,6466,0.0,0.0,0.0,1.2313656186757118,0.24744819053510672,16.0,100.66413932673944,20.228889576244974,1308.0,4.848502123535615,0.9743272502319827,63.0,1.3390988980331984,0.24744819053510672,16.0,0.6926431605050879,0.13918960717599752,9.0,14.160704614770687,2.845654191153727,184.0,713.0,10703,21700
Darryl Lachman,2.703133177091629,0.48640282998010165,22.0,3.3174816264306357,0.596948927702852,27.0,886.6166666666669,6.757832942729073,1.2160070749502543,55.0,732.4833333333332,0.0,0.0,0.0,0.1015094836174972,0.022109219544550078,1.0,0.3045284508524916,0.06632765863365023,3.0,113.15102038881145,24.644798321433676,1114.6842280784451,92.77966802639244,20.20782666371877,914.0,0.9829575189424107,0.17687375635640062,8.0,0.2030189672349944,0.044218439089100156,2.0,0.0,0.0,0.0,0.8600878290746093,0.15476453681185054,7.0,0.3045284508524916,0.06632765863365023,3.0,0.1015094836174972,0.022109219544550078,1.0,0.3045284508524916,0.06632765863365023,3.0,125.97326916931404,27.437541454786647,1241.0,4523,0.0,0.0,0.0,0.2030189672349944,0.044218439089100156,2.0,115.2132639058593,25.093964183064337,1135.0,5.481512115344849,1.193897855405704,54.0,1.9659150378848214,0.35374751271280125,16.0,0.4060379344699888,0.08843687817820031,4.0,9.74491042727973,2.1224850762768073,96.0,1030.0,13513,26040
Dario Van den Buijs,4.47176913425345,0.7773851590106008,66.0,3.5232120451693847,0.6124852767962309,52.0,1337.1666666666667,9.282308657465494,1.6136631330977622,137.0,1328.3333333333335,0.06730649383023807,0.011778563015312132,1.0,0.13461298766047614,0.023557126030624265,2.0,0.33653246915119034,0.058892815076560655,5.0,119.6274427268717,20.934672010593985,1777.3536536994293,81.23893805309734,14.216725559481743,1207.0,0.8808030112923462,0.15312131919905772,13.0,0.6730649383023807,0.11778563015312131,10.0,0.06730649383023807,0.011778563015312132,1.0,4.946047678795482,0.8598351001177857,73.0,0.6057584444721426,0.10600706713780918,9.0,0.13461298766047614,0.023557126030624265,2.0,0.5384519506419045,0.09422850412249706,8.0,103.51738751090615,18.115429917550056,1538.0,8490,0.0,0.0,0.0,0.6057584444721426,0.10600706713780918,9.0,81.23893805309734,14.216725559481743,1207.0,11.307490963479994,1.9787985865724382,168.0,2.032622333751568,0.35335689045936397,30.0,0.7403714321326186,0.12956419316843346,11.0,21.60538451950642,3.7809187279151946,321.0,1350.0,15700,31320
Maximilian Rossmann,3.553710640882858,0.6501625406351588,52.0,4.988863015085551,0.9127281820455114,73.0,1234.8833333333332,9.02095778070264,1.6504126031507877,132.0,1316.9333333333336,0.14576275761542926,0.025006251562890724,2.0,0.2915255152308585,0.05001250312578145,4.0,0.07288137880771463,0.012503125781445362,1.0,77.73033517878297,13.334985886290013,1066.5321711854751,73.46442983817636,12.603150787696924,1008.0,1.8451959096891764,0.33758439609902474,27.0,0.43728827284628785,0.07501875468867217,6.0,0.07288137880771463,0.012503125781445362,1.0,2.8019641591576385,0.5126281570392599,41.0,0.21864413642314393,0.037509377344336084,3.0,0.0,0.0,0.0,0.21864413642314393,0.037509377344336084,3.0,97.36952208710676,16.704176044011003,1336.0,7998,0.0,0.0,0.0,0.583051030461717,0.1000250062515629,8.0,75.65087120240779,12.978244561140285,1038.0,7.215256501963749,1.2378094523630907,99.0,1.981877088184671,0.36259064766191546,29.0,0.43728827284628785,0.07501875468867217,6.0,21.71865088469896,3.7259314828707173,298.0,996.0,13938,25230
Timo Letschert,4.7722120470817275,0.853960396039604,69.0,4.979699527389628,0.891089108910891,72.0,1318.1833333333334,8.852799159803784,1.5841584158415842,128.0,1301.2833333333333,0.06827578359105334,0.012376237623762377,1.0,0.3413789179552667,0.06188118811881188,5.0,0.40965470154632005,0.07425742574257425,6.0,85.10790032562689,15.4273674015726,1246.531286047066,78.7219784804845,14.269801980198018,1153.0,0.7607874277956376,0.13613861386138612,11.0,1.0924125374568534,0.19801980198019803,16.0,0.13655156718210668,0.024752475247524754,2.0,2.8356622308746493,0.5074257425742574,41.0,0.4779304851373734,0.08663366336633664,7.0,0.0,0.0,0.0,0.3413789179552667,0.06188118811881188,5.0,99.27298934139156,17.995049504950494,1454.0,8080,0.0,0.0,0.0,0.8875851866836935,0.1608910891089109,13.0,84.7302474364972,15.358910891089108,1241.0,6.008268956012693,1.089108910891089,88.0,2.282362283386913,0.40841584158415845,33.0,1.1606883210479069,0.21039603960396042,17.0,14.201362986939095,2.5742574257425743,208.0,1042.0,16225,3968
Willem Janssen,4.185576893657381,0.7655116841257051,76.0,5.6174847783296435,1.0273972602739725,102.0,1603.5666666666666,8.426227167494467,1.5410958904109588,153.0,1634.1833333333336,0.0,0.0,0.0,0.05612488826989836,0.010072522159548751,1.0,0.05612488826989836,0.010072522159548751,1.0,67.47367701403017,12.109246501156285,1202.205992634796,69.31423701332447,12.439564867042707,1235.0,1.9275683062895836,0.3525382755842063,35.0,0.785748435778577,0.14101531023368252,14.0,0.33674932961939014,0.06043513295729251,6.0,2.53337548826631,0.46333601933924257,46.0,0.33674932961939014,0.06043513295729251,6.0,0.0,0.0,0.0,0.28062444134949177,0.05036261079774375,5.0,85.70270438813479,15.380741337630944,1527.0,9928,0.0,0.0,0.0,1.7959964246367475,0.32232070910556004,32.0,73.07460452740766,13.114423851732473,1302.0,3.7603675140831894,0.6748589846897664,67.0,1.3768345044925598,0.2518130539887188,25.0,0.5051239944290852,0.09065269943593876,9.0,12.347475419377638,2.215954875100725,220.0,1408.0,17190,4480
Kai Heerings,4.406621590114245,0.8400480027430138,49.0,3.7771042200979243,0.7200411452082977,42.0,857.3999999999999,7.824001598774272,1.4915138007886166,87.0,1000.7666666666669,0.3149055283414976,0.051431510372021254,3.0,0.734779566130161,0.12000685753471627,7.0,0.20993701889433172,0.03428767358134751,2.0,51.35812266599184,8.38799443279071,489.2717152646822,60.25192442267321,9.840562317846734,574.0,1.9784831629084365,0.3771644093948226,22.0,0.6298110566829952,0.10286302074404251,6.0,0.0,0.0,0.0,2.428138427205808,0.4628835933481913,27.0,0.5248425472358293,0.08571918395336876,5.0,0.0,0.0,0.0,0.20993701889433172,0.03428767358134751,2.0,79.14625612316307,12.926452940168009,754.0,5833,0.0,0.0,0.0,0.3149055283414976,0.051431510372021254,3.0,63.50594821553535,10.37202125835762,605.0,3.883834849545137,0.6343219612549289,37.0,1.169103687173167,0.22286987827875876,13.0,0.41987403778866345,0.06857534716269502,4.0,15.535339398180549,2.5372878450197156,148.0,955.0,13438,6534
Wessel Dammers,4.33690280065898,0.7851822025367425,39.0,6.449752883031303,1.167706865311053,58.0,780.0500000000003,10.897858319604616,1.973021944835917,98.0,809.333333333333,0.1153772194090122,0.020132876988121603,1.0,0.6922633164540732,0.12079726192872962,6.0,0.2307544388180244,0.040265753976243206,2.0,91.72202291389952,16.00513700959384,794.9751552665261,84.2253701685789,14.69700020132877,730.0,2.0016474464579908,0.36239178578618886,18.0,1.153772194090122,0.20132876988121604,10.0,0.1153772194090122,0.020132876988121603,1.0,3.113673805601319,0.5637205556674049,28.0,0.3461316582270366,0.06039863096436481,3.0,0.0,0.0,0.0,0.1153772194090122,0.020132876988121603,1.0,107.64694570860838,18.783974229917455,933.0,4967,0.0,0.0,0.0,1.6152810717261707,0.28186027783370243,14.0,88.8404589449394,15.502315280853635,770.0,5.422729312223574,0.9462452184417153,47.0,3.002471169686986,0.5435876786792833,27.0,0.6922633164540732,0.12079726192872962,6.0,18.691109544259977,3.2615260720756996,162.0,0.0,8350,4114
Maikel van der Werff,5.89699908268903,1.0547039797496836,75.0,7.15502555366269,1.2797074954296161,91.0,1143.5833333333333,9.435198532302447,1.6875263675994938,120.0,1144.6500000000003,0.0,0.0,0.0,0.15739998542592729,0.02812543945999156,2.0,0.23609997813889091,0.04218815918998734,3.0,83.05216838594393,14.840399938023882,1055.3008395928782,73.97799315018582,13.218956546196035,940.0,1.9656663608963432,0.3515679932498945,25.0,1.337899876120382,0.23906623540992827,17.0,0.23609997813889091,0.04218815918998734,3.0,2.4374262875114656,0.43594431162986924,31.0,0.3934999635648182,0.07031359864997891,5.0,0.07869999271296364,0.01406271972999578,1.0,0.31479997085185457,0.05625087891998312,4.0,96.3287910806675,17.212768949514835,1224.0,7111,0.0,0.0,0.0,1.5739998542592728,0.28125439459991564,20.0,74.13539313561175,13.247081985656026,942.0,6.846899366027836,1.223456616509633,87.0,1.5725330887170748,0.28125439459991564,20.0,0.31479997085185457,0.05625087891998312,4.0,20.54069809808351,3.670369849528899,261.0,1190.0,16032,7905
Danilho Doekhi,3.5121025154247754,0.6390328151986183,37.0,3.9867109634551503,0.7253886010362695,42.0,973.8333333333333,7.783578547698151,1.4162348877374784,82.0,948.1499999999997,0.18483655656340925,0.03454231433506045,2.0,0.3696731131268185,0.0690846286701209,4.0,0.18483655656340925,0.03454231433506045,2.0,37.38736012692147,6.9869617226892515,404.54508374370766,61.45815505733357,11.4853195164076,665.0,1.3289036544850503,0.24179620034542312,14.0,1.1090193393804553,0.20725388601036268,12.0,0.0,0.0,0.0,3.0374940673944004,0.5526770293609672,32.0,0.2772548348451138,0.05181347150259067,3.0,0.0,0.0,0.0,0.18483655656340925,0.03454231433506045,2.0,89.73814821153518,16.77029360967185,971.0,5790,0.0,0.0,0.0,0.8317645045353415,0.15544041450777202,9.0,80.95841177477324,15.129533678756477,876.0,4.066404244395003,0.7599309153713298,44.0,1.7085904129093503,0.31088082901554404,18.0,0.739346226253637,0.1381692573402418,8.0,8.502481601916823,1.5889464594127805,92.0,1292.0,16403,8670
Nils Röseler,2.1472761404514644,0.4428424304840371,43.0,3.9449956998992017,0.8135942327497425,79.0,1366.8833333333332,10.137140849108075,2.090628218331617,203.0,1802.2833333333335,0.0,0.0,0.0,0.0,0.0,0.0,0.06584321997732068,0.010298661174047374,1.0,87.54556138737229,13.693164980857006,1329.6063196412154,74.40283857437237,11.637487126673532,1130.0,0.7989864708656611,0.164778578784758,16.0,1.1193347396144513,0.17507723995880534,17.0,0.06584321997732068,0.010298661174047374,1.0,1.9974661771641526,0.4119464469618949,40.0,0.197529659931962,0.03089598352214212,3.0,0.06584321997732068,0.010298661174047374,1.0,0.06584321997732068,0.010298661174047374,1.0,97.25043590650263,15.211122554067972,1477.0,9710,0.0,0.0,0.0,0.6584321997732068,0.10298661174047373,10.0,75.39048687403218,11.791967044284243,1145.0,5.596673698072258,0.8753861997940269,85.0,1.04866974301118,0.21627188465499483,21.0,0.3292160998866034,0.051493305870236865,5.0,21.39904649262922,3.3470648815653967,325.0,1249.0,15654,26010
Jerold Promes,2.3052294557097115,0.48372093023255813,26.0,3.9011575404318197,0.8186046511627907,44.0,752.0166666666668,8.777604465971594,1.841860465116279,99.0,1015.0833333333335,0.0,0.0,0.0,0.0,0.0,0.0,0.0,0.0,0.0,49.15525342162569,7.641461463004902,410.7285536365135,54.81261496863987,8.52093023255814,458.0,1.2412773992283062,0.26046511627906976,14.0,1.3164601848363289,0.20465116279069767,11.0,0.0,0.0,0.0,1.7732534274690088,0.37209302325581395,20.0,0.3590345958644533,0.05581395348837209,3.0,0.0,0.0,0.0,0.23935639724296887,0.037209302325581395,2.0,74.79887413842778,11.627906976744185,625.0,5375,0.0,0.0,0.0,0.3590345958644533,0.05581395348837209,3.0,61.39491589282152,9.544186046511628,513.0,2.15420757518672,0.33488372093023255,18.0,1.595928084722108,0.33488372093023255,18.0,0.3590345958644533,0.05581395348837209,3.0,13.284280046984772,2.0651162790697675,111.0,11.0,10581,16830
Branislav Ninaj,3.3411600456910784,0.6513026052104208,39.0,3.9408554385074255,0.7682030728122912,46.0,874.6166666666667,9.252443203452218,1.8036072144288577,108.0,1050.533333333333,0.0,0.0,0.0,0.41160889532557116,0.06680026720106881,4.0,0.8232177906511423,0.13360053440213762,8.0,44.39093922649563,7.204233521947634,431.3895032942243,48.5698496484174,7.882431529726119,472.0,1.8847569488513776,0.36740146960587844,22.0,0.6174133429883567,0.1002004008016032,6.0,0.30870667149417835,0.0501002004008016,3.0,2.227440030460719,0.43420173680694724,26.0,0.10290222383139279,0.016700066800267203,1.0,0.30870667149417835,0.0501002004008016,3.0,0.10290222383139279,0.016700066800267203,1.0,68.84158774320179,11.172344689378757,669.0,5988,0.0,0.0,0.0,1.4406311336394992,0.23380093520374082,14.0,50.62789412504526,8.216432865731463,492.0,2.160946700459249,0.35070140280561124,21.0,2.6557938824723957,0.5177020708082832,31.0,0.6174133429883567,0.1002004008016032,6.0,16.052746917697277,2.6052104208416833,156.0,751.0,12160,6050
Thomas Meißner,1.7917165567881823,0.35647861128332303,23.0,2.882326634833163,0.5734655920644761,37.0,946.7833333333331,6.855263347711306,1.3639181649101055,88.0,1155.3166666666666,0.0950587075536466,0.015499070055796652,1.0,0.6654109528755261,0.10849349039057657,7.0,0.4752935377682329,0.07749535027898327,5.0,46.667450535488506,7.609003991210003,490.93293751286944,58.366046437939,9.516429014259145,614.0,1.3243122376260477,0.2634841909485431,17.0,1.0456457830901125,0.1704897706137632,11.0,0.0950587075536466,0.015499070055796652,1.0,1.7138158369278265,0.3409795412275264,22.0,0.3802348302145864,0.06199628022318661,4.0,0.0,0.0,0.0,0.2851761226609398,0.04649721016738996,3.0,82.32084074145794,13.4221946683199,866.0,6452,0.0,0.0,0.0,0.2851761226609398,0.04649721016738996,3.0,69.392856514162,11.314321140731556,730.0,4.087524424806803,0.6664600123992561,43.0,1.0127093581846247,0.2014879107253565,13.0,0.3802348302145864,0.06199628022318661,4.0,12.642808104634994,2.0613763174209545,133.0,970.0,15566,3565
Freek Heerkens,3.4589516387317176,0.6865861411315957,54.0,3.971388918543824,0.7883026064844246,62.0,1158.4,7.3662858972990275,1.4621741894469167,115.0,1405.0500000000002,0.23308011049723756,0.03814367450731087,3.0,0.6992403314917126,0.11443102352193261,9.0,0.6215469613259669,0.101716465352829,8.0,69.81221627664723,11.424803466111204,898.5607926096462,70.93404696132596,11.608391608391608,913.0,1.2170385395537524,0.24157660521296884,19.0,1.4761740331491713,0.24157660521296884,19.0,0.07769337016574586,0.012714558169103624,1.0,2.9465143589196114,0.5848696757787667,46.0,0.5438535911602209,0.08900190718372536,7.0,0.31077348066298344,0.0508582326764145,4.0,0.5438535911602209,0.08900190718372536,7.0,97.89364640883977,16.020343293070567,1260.0,7865,0.0,0.0,0.0,0.6215469613259669,0.101716465352829,8.0,69.38017955801105,11.354100445009536,893.0,5.2831491712707175,0.8645899554990464,68.0,1.2810931995302657,0.25429116338207247,20.0,1.553867403314917,0.25429116338207247,20.0,19.345649171270715,3.1659249841068022,249.0,721.0,13086,3220
Eric Botteghin,4.1071214122733295,0.7027926761605326,38.0,8.754653536687886,1.4980580728685038,81.0,1036.3166666666668,10.051639245826834,1.7199926021823562,93.0,832.6999999999996,0.08684604126795219,0.018494544109487702,1.0,0.43423020633976095,0.0924727205474385,5.0,0.43423020633976095,0.0924727205474385,5.0,106.51350775900539,22.682885008278696,1226.463592397629,88.06188584570351,18.753467727020528,1014.0,1.5131499939954371,0.25892361753282783,14.0,0.7816143714115696,0.1664508969853893,9.0,0.17369208253590437,0.036989088218975404,2.0,3.350546415275611,0.5733308673941186,31.0,0.26053812380385655,0.0554836323284631,3.0,0.0,0.0,0.0,0.26053812380385655,0.0554836323284631,3.0,116.46054134032389,24.80118365082301,1341.0,5407,0.0,0.0,0.0,3.0396114443783264,0.6473090438320696,35.0,102.65202077871947,21.860551137414465,1182.0,5.2976085173450835,1.1281671906787498,61.0,2.1616428485649104,0.369890882189754,20.0,0.6079222888756654,0.12946180876641392,7.0,13.721674520336446,2.922137969299057,158.0,854.0,11894,6400
Jan-Arie van der Heijden,3.7507539892887833,0.6228487133256844,38.0,3.7507539892887833,0.6228487133256844,38.0,1188.8000000000004,6.0209471933319945,0.9998360924438617,61.0,911.8166666666665,0.15141318977119778,0.03278151122766759,2.0,0.68135935397039,0.1475168005245042,9.0,0.757065948855989,0.16390755613833796,10.0,60.33421364164878,13.062578662367208,796.9479241910233,74.19246298788691,16.062940501557122,980.0,1.9740810469940966,0.3278151122766759,20.0,0.9841857335127856,0.21307982297983935,13.0,0.15141318977119778,0.03278151122766759,2.0,2.9611215704911444,0.49172266841501394,30.0,0.30282637954239555,0.06556302245533518,4.0,0.07570659488559889,0.016390755613833796,1.0,0.30282637954239555,0.06556302245533518,4.0,102.3553162853297,22.160301589903295,1352.0,6101,0.0,0.0,0.0,0.8327725437415879,0.18029831175217179,11.0,94.78465679676982,20.521226028519916,1252.0,6.510767160161506,1.4096049827897066,86.0,2.0727850993438013,0.3442058678905098,21.0,0.4542395693135933,0.09834453368300279,6.0,7.040713324360698,1.524340272086543,93.0,389.0,16672,8704
Samir Memisevic,4.267433446319076,0.7259051950323596,83.0,8.791941196633276,1.4955396186811265,171.0,1541.3166666666664,5.501390105495676,0.9358054923911141,107.0,1750.466666666667,0.29195817428821685,0.043729228616407205,5.0,0.9926577925799372,0.1486793772957845,17.0,1.109441062295224,0.16617106874234738,19.0,91.81899972263595,13.752565894035412,1572.468384324009,74.68290098292586,11.185936680076964,1279.0,2.9820619263434507,0.5072590519503236,58.0,2.686015203451595,0.4023089032709463,46.0,0.1751749045729301,0.026237537169844324,3.0,3.187721369539551,0.5422424348434494,62.0,0.642307983434077,0.09620430295609586,11.0,0.05839163485764337,0.00874584572328144,1.0,0.5839163485764337,0.08745845723281441,10.0,98.44829636998672,14.74549588945251,1686.0,11434,0.0,0.0,0.0,1.5765741411563707,0.2361378345285989,27.0,70.53709490803318,10.564981633723981,1208.0,7.240562722347778,1.0844848696868987,124.0,1.7995201279658755,0.30610460031485043,35.0,1.0510494274375806,0.15742522301906595,18.0,27.50246001795003,4.119293335665559,471.0,1354.0,15413,26530
Nick Bakker,4.695801563146228,0.874853302037768,82.0,3.206888872392546,0.597460791635549,56.0,1462.7166666666667,6.929170599276751,1.2909420676410968,121.0,1571.6166666666672,0.06152934607978305,0.01066894270777766,1.0,0.18458803823934916,0.03200682812333298,3.0,0.3691760764786983,0.06401365624666595,6.0,55.30288604503133,9.58929942184226,898.805034809275,60.23722981210761,10.444894910914329,979.0,2.0615714179666367,0.38408193747999575,36.0,0.3691760764786983,0.06401365624666595,6.0,0.06152934607978305,0.01066894270777766,1.0,1.7752420543601592,0.33073722394110744,31.0,0.4307054225584813,0.07468259895444362,7.0,0.1230586921595661,0.02133788541555532,2.0,0.4307054225584813,0.07468259895444362,7.0,82.818499823388,14.36039688466873,1346.0,9373,0.0,0.0,0.0,0.7383521529573966,0.1280273124933319,12.0,68.29757414855918,11.842526405633201,1110.0,5.722229185419823,0.9922116718233223,93.0,1.1453174544259093,0.2133788541555532,20.0,0.6152934607978305,0.1066894270777766,10.0,14.09022025227032,2.443187880081084,229.0,1191.0,15434,29750
Keziah Veendorp,2.3054358155100467,0.4333845938766951,31.0,2.231066918235529,0.4194044456871243,30.0,1126.4833333333336,7.2881519329027284,1.3700545225779392,98.0,1210.1833333333334,0.0,0.0,0.0,0.31957862965867223,0.05592059275828324,4.0,0.15978931482933612,0.02796029637914162,2.0,72.91823688384426,12.759398317054618,912.6797616189168,66.39246031158915,11.617503145533343,831.0,0.7436889727451763,0.1398014818957081,10.0,0.3994732870733403,0.06990074094785405,5.0,0.07989465741466806,0.01398014818957081,1.0,3.1234936855297404,0.5871662239619739,42.0,0.3994732870733403,0.06990074094785405,5.0,0.0,0.0,0.0,0.23968397224400415,0.041940444568712425,3.0,97.15190341623635,16.999860198518103,1216.0,7153,0.0,0.0,0.0,0.5592626019026764,0.09786103732699566,7.0,79.2555001553507,13.868307004054243,992.0,7.430203139564128,1.3001537816300852,93.0,1.3386401509413173,0.2516426674122746,18.0,0.6391572593173445,0.11184118551656648,8.0,17.097456686738962,2.991751712568153,214.0,480.0,15434,29750
Ted van de Pavert,5.243495005019668,0.9409888357256778,59.0,8.709534076134362,1.562998405103668,98.0,867.3166666666666,10.220371619953589,1.8341307814992027,115.0,1012.6833333333333,0.10376832760045351,0.01594896331738437,1.0,0.41507331040181406,0.06379585326953748,4.0,0.20753665520090703,0.03189792663476874,2.0,69.59163043551388,10.696080265324905,670.6442326358716,65.78911969868753,10.11164274322169,634.0,2.5773111041622094,0.4625199362041467,29.0,0.20753665520090703,0.03189792663476874,2.0,0.0,0.0,0.0,3.9104030545909385,0.7017543859649122,44.0,0.41507331040181406,0.06379585326953748,4.0,0.0,0.0,0.0,0.31130498280136054,0.04784688995215311,3.0,96.08947135801996,14.768740031897925,926.0,6270,0.0,0.0,0.0,0.8301466208036281,0.12759170653907495,8.0,72.63782932031746,11.164274322169058,700.0,4.2545014316185945,0.6539074960127592,41.0,2.666183900857458,0.4784688995215311,30.0,1.0376832760045351,0.1594896331738437,10.0,23.244105382501587,3.5725677830940987,224.0,759.0,11114,5654
Pantelis Hatzidiakos,5.199565149867991,0.8479212253829322,31.0,3.354558161205155,0.5470459518599562,20.0,701.1999999999999,6.876844230470568,1.1214442013129104,41.0,536.5833333333335,0.25670279520821454,0.05470459518599562,2.0,0.5134055904164291,0.10940919037199125,4.0,0.5134055904164291,0.10940919037199125,4.0,92.36210293339953,19.68280652106119,719.6034064099972,88.562464346834,18.87308533916849,690.0,2.012734896723093,0.3282275711159737,12.0,0.5134055904164291,0.10940919037199125,4.0,0.12835139760410727,0.02735229759299781,1.0,2.515918620903866,0.41028446389496714,15.0,0.25670279520821454,0.05470459518599562,2.0,0.0,0.0,0.0,0.12835139760410727,0.02735229759299781,1.0,118.72504278379921,25.300875273522976,925.0,3656,0.0,0.0,0.0,0.7701083856246435,0.16411378555798686,6.0,103.96463205932687,22.155361050328228,810.0,6.417569880205363,1.3676148796498906,50.0,2.180462804783351,0.35557986870897157,13.0,0.6417569880205363,0.13676148796498905,5.0,14.375356531660014,3.063457330415755,112.0,152.0,15934,8019
Teun Koopmeiners,1.8315662529521128,0.30337078651685395,27.0,3.2561177830259784,0.5393258426966292,48.0,1659.5666666666668,7.461936586101201,1.2359550561797752,110.0,1326.7333333333333,0.05423102416293409,0.011235955056179775,1.0,1.0846204832586819,0.22471910112359553,20.0,0.7592343382810773,0.15730337078651685,14.0,151.40988292610464,31.370136667673627,2791.942163422953,90.72850342458872,18.79775280898876,1673.0,1.5602231043666146,0.2584269662921348,23.0,0.7592343382810773,0.15730337078651685,14.0,0.27115512081467047,0.05617977528089888,5.0,2.9847746344404804,0.4943820224719101,44.0,1.138851507421616,0.23595505617977525,21.0,0.32538614497760454,0.06741573033707865,6.0,1.0846204832586819,0.22471910112359553,20.0,122.18249743909053,25.31460674157303,2253.0,8900,0.0,0.0,0.0,1.843854821539759,0.3820224719101124,34.0,103.90664229618172,21.52808988764045,1916.0,10.954666880912688,2.269662921348315,202.0,2.2385809758303603,0.3707865168539326,33.0,1.1930825315845501,0.24719101123595505,22.0,16.269307248880228,3.3707865168539324,300.0,1149.0,15677,7776
Jake Clarke-Salter,3.934320061524346,0.6985769728331177,54.0,6.557200102540577,1.1642949547218628,90.0,1269.9,11.292955732153215,2.0051746442432083,155.0,1235.2833333333335,0.0,0.0,0.0,0.21261516654854712,0.03880983182406209,3.0,0.6378454996456414,0.1164294954721863,9.0,50.42130280788425,9.203681534531007,711.4445826192468,62.93408929836994,11.48771021992238,888.0,1.0928666837567627,0.19404915912031048,15.0,0.8504606661941885,0.15523932729624837,12.0,0.07087172218284904,0.0129366106080207,1.0,2.1857333675135253,0.38809831824062097,30.0,0.14174344436569808,0.0258732212160414,2.0,0.0,0.0,0.0,0.07087172218284904,0.0129366106080207,1.0,87.38483345145286,15.95084087968952,1233.0,7730,0.0,0.0,0.0,1.2048192771084336,0.21992238033635186,17.0,71.43869596031183,13.040103492884864,1008.0,3.968816442239546,0.7244501940491591,56.0,1.967160030762173,0.34928848641655885,27.0,0.42523033309709424,0.07761966364812418,6.0,15.733522324592485,2.871927554980595,222.0,916.0,13775,7395
Nick Kuipers,3.9272727272727277,0.7595537621647283,32.0,6.504545454545455,1.258010918585331,53.0,631.6000000000003,14.72727272727273,2.848326608117731,120.0,733.3333333333333,0.142495250158328,0.023736055067647758,1.0,0.42748575047498405,0.07120816520294326,3.0,0.142495250158328,0.023736055067647758,1.0,101.03711852767853,16.830193333354902,709.056045134242,59.99050031665609,9.992879183479705,421.0,1.7181818181818183,0.3323047709470686,14.0,1.139962001266624,0.18988844054118206,8.0,0.142495250158328,0.023736055067647758,1.0,3.068181818181819,0.593401376691194,25.0,0.42748575047498405,0.07120816520294326,3.0,0.0,0.0,0.0,0.42748575047498405,0.07120816520294326,3.0,77.94490183660542,12.983622122003325,547.0,4213,0.0,0.0,0.0,1.8524382520582638,0.30856871587942086,13.0,56.0006333122229,9.328269641585567,393.0,9.404686510449649,1.5665796344647518,66.0,1.4727272727272729,0.28483266081177305,12.0,1.139962001266624,0.18988844054118206,8.0,21.231792273590873,3.5366722050795154,149.0,843.0,15435,26766
Erik Palmer-Brown,3.6299553068565804,0.7280598189689099,37.0,4.512917408524398,0.905155450609996,46.0,710.4833333333332,10.595545220013804,2.125147579693034,108.0,917.366666666667,0.1266743296816721,0.01967729240456513,1.0,0.5066973187266884,0.07870916961826052,4.0,0.8867203077717049,0.13774104683195593,7.0,50.9743878230676,7.918241500537658,402.4050330573238,70.17757864364636,10.901219992129082,554.0,1.177282802223756,0.23612750885478156,12.0,0.8867203077717049,0.13774104683195593,7.0,0.1266743296816721,0.01967729240456513,1.0,3.0413139057447025,0.6099960645415191,31.0,0.0,0.0,0.0,0.0,0.0,0.0,0.0,0.0,0.0,95.76579323934413,14.87603305785124,756.0,5082,0.0,0.0,0.0,0.38002298904501636,0.05903187721369539,3.0,81.19824532595182,12.613144431326251,641.0,1.5200919561800654,0.23612750885478156,12.0,1.569710402965008,0.3148366784730421,16.0,0.7600459780900327,0.11806375442739078,6.0,13.934176264983934,2.1645021645021645,110.0,1092.0,15247,25056
Daniel Høegh,4.538026985386805,0.8416130917592052,72.0,7.248237546103924,1.3442431326709527,115.0,1312.2666666666664,12.164433446939631,2.255990648743425,193.0,1427.9333333333336,0.06858362121520017,0.01168907071887785,1.0,0.4800853485064013,0.08182349503214494,7.0,0.06858362121520017,0.01168907071887785,1.0,87.61501594532294,14.932692372818462,1277.4918324946195,80.7229221702906,13.758036236119228,1177.0,2.0169008823941357,0.3740502630040912,32.0,1.508839666734404,0.2571595558153127,22.0,0.13716724243040035,0.0233781414377557,2.0,1.9538727298193188,0.36236119228521335,31.0,0.2057508636456005,0.03506721215663355,3.0,0.0,0.0,0.0,0.13716724243040035,0.0233781414377557,2.0,105.75594391383866,18.024547048509643,1542.0,8555,0.0,0.0,0.0,1.508839666734404,0.2571595558153127,22.0,88.81578947368423,15.137346580946815,1295.0,4.800853485064012,0.8182349503214494,70.0,1.1345067463467013,0.2104032729398013,18.0,1.0287543182280026,0.17533606078316774,15.0,16.871570818939244,2.875511396843951,246.0,1142.0,14849,8897
Dave Bulthuis,1.6605591574199827,0.31974420463629094,12.0,4.289777823334956,0.826005861977085,31.0,561.4166666666665,8.579555646669911,1.65201172395417,62.0,650.3833333333334,0.16030874276384152,0.02664535038635758,1.0,0.48092622829152454,0.07993605115907274,3.0,0.8015437138192075,0.1332267519317879,5.0,92.9193834272053,15.444382423668026,579.627672360261,67.65028944634112,11.2443378630429,422.0,2.0756989467749785,0.3996802557953637,15.0,1.4427786848745736,0.2398081534772182,9.0,0.32061748552768304,0.05329070077271516,2.0,4.981677472259948,0.9592326139088728,36.0,0.16030874276384152,0.02664535038635758,1.0,0.0,0.0,0.0,0.16030874276384152,0.02664535038635758,1.0,88.97135223393205,14.788169464428458,555.0,3753,0.0,0.0,0.0,1.4427786848745736,0.2398081534772182,9.0,70.53584681609027,11.723954169997336,440.0,5.610805996734452,0.9325872635225153,35.0,1.1070394382799884,0.21316280309086064,8.0,0.8015437138192075,0.1332267519317879,5.0,17.95457918955025,2.984279243272049,112.0,0.0,7152,4018
Jordens Peters,4.1378517652918525,0.764379896808714,40.0,5.999885059673186,1.1083508503726351,58.0,782.6833333333332,7.344686883393037,1.3567743168354673,71.0,870.0166666666668,0.0,0.0,0.0,0.34496710035987316,0.05732849226065354,3.0,0.34496710035987316,0.05732849226065354,3.0,78.72960316403804,13.08370984063525,684.6705359604425,70.718255573774,11.752340913433978,615.0,1.7585870002490374,0.32486145614370343,17.0,2.18479163561253,0.3630804509841391,19.0,0.0,0.0,0.0,0.8275703530583703,0.15287597936174277,8.0,0.0,0.0,0.0,0.0,0.0,0.0,0.0,0.0,0.0,91.64625966227298,15.230269443913624,797.0,5233,0.0,0.0,0.0,0.2299780669065821,0.03821899484043569,2.0,74.05293754391944,12.306516338620293,644.0,5.634462639211262,0.9363653735906745,49.0,1.1379092354552593,0.21020447162239633,11.0,0.5749451672664553,0.09554748710108925,5.0,17.47833308490024,2.904643607873113,152.0,1061.0,11740,2760
Thomas Oude Kotte,3.0373958957051888,0.5801983904173685,31.0,1.95961025529367,0.3743215422047539,20.0,800.2666666666665,10.189973327527083,1.9464720194647203,104.0,918.5499999999997,0.0,0.0,0.0,0.2249250249916695,0.03743215422047539,2.0,0.3373875374875042,0.05614823133071309,3.0,56.27199633464288,9.364818544181073,500.3622548155948,63.09146951016329,10.499719258843346,561.0,0.6858635893527845,0.13101253977166386,7.0,0.2249250249916695,0.03743215422047539,2.0,0.0,0.0,0.0,3.0373958957051888,0.5801983904173685,31.0,0.449850049983339,0.07486430844095078,4.0,0.0,0.0,0.0,0.3373875374875042,0.05614823133071309,3.0,91.31956014661782,15.19745461351301,812.0,5343,0.0,0.0,0.0,0.5623125624791737,0.09358038555118847,5.0,77.14928357214264,12.839228897623059,686.0,4.386037987337555,0.7299270072992701,39.0,1.2737466659408854,0.24330900243309003,13.0,0.6747750749750084,0.11229646266142618,6.0,13.832889036987675,2.3020774845592364,123.0,1199.0,14575,28611
Sven van Beek,4.7911039255505825,0.7713404182379157,45.0,7.665766280880932,1.234144669180665,72.0,1128.3833333333334,10.433959660087936,1.6798080219403495,98.0,845.3166666666667,0.23928038639351282,0.051422694549194375,3.0,0.3190405151913504,0.06856359273225918,4.0,0.3190405151913504,0.06856359273225918,4.0,81.53180672237285,17.52164168706056,1022.2125760231129,81.51485163139003,17.51799794309222,1022.0,1.7035036179735403,0.2742543709290367,16.0,0.398800643989188,0.08570449091532396,5.0,0.0,0.0,0.0,2.9811313314536956,0.47994514912581415,28.0,0.0797601287978376,0.017140898183064794,1.0,0.0,0.0,0.0,0.0797601287978376,0.017140898183064794,1.0,113.97722405210995,24.494343503599588,1429.0,5834,0.0,0.0,0.0,0.8773614167762137,0.1885498800137127,11.0,102.57152563401917,22.043195063421322,1286.0,6.141529917433496,1.3198491600959892,77.0,2.1293795224669254,0.34281796366129585,20.0,1.3559221895632394,0.29139526911210145,17.0,10.049776228527538,2.159753171066164,126.0,954.0,16672,8704
Kik Pierie,3.1830422671952467,0.5835240274599542,51.0,3.68234301499058,0.6750572082379862,59.0,1337.4166666666663,10.11084014285549,1.8535469107551488,162.0,1442.0166666666669,0.20188173717988667,0.034324942791762014,3.0,0.7402330363262511,0.12585812356979406,11.0,0.06729391239329556,0.011441647597254006,1.0,92.25880869804811,15.68630414436577,1370.9829822175684,80.61810704716807,13.707093821510297,1198.0,2.1220281781301646,0.3890160183066362,34.0,0.8748208611128421,0.14874141876430205,13.0,0.13458782478659112,0.022883295194508012,2.0,4.119231169311496,0.7551487414187643,66.0,0.47105738675306885,0.08009153318077802,7.0,0.20188173717988667,0.034324942791762014,3.0,0.47105738675306885,0.08009153318077802,7.0,117.69705277587393,20.011441647597252,1749.0,8740,0.0,0.0,0.0,0.47105738675306885,0.08009153318077802,7.0,90.24113651940934,15.343249427917621,1341.0,7.3350364508692145,1.2471395881006864,109.0,2.371678552027831,0.43478260869565216,38.0,1.1439965106860244,0.1945080091533181,17.0,19.918998068415483,3.3867276887871856,296.0,1010.0,14825,8897
Daley Blind,4.860414330401937,0.6666666666666667,61.0,5.4978457179956335,0.7540983606557378,69.0,1930.6666666666665,6.294634952487755,0.8633879781420766,79.0,1129.533333333333,0.04661602209944752,0.01092896174863388,1.0,0.6060082872928176,0.14207650273224043,13.0,1.2120165745856353,0.28415300546448086,26.0,216.017411446868,50.64451921069659,4633.973507778738,102.78832872928177,24.098360655737704,2205.0,1.991973086230302,0.273224043715847,25.0,0.978936464088398,0.22950819672131148,21.0,0.2330801104972376,0.0546448087431694,5.0,4.302661866257452,0.5901639344262295,54.0,1.165400552486188,0.273224043715847,25.0,0.13984806629834257,0.03278688524590164,3.0,1.1187845303867405,0.26229508196721313,24.0,128.47375690607737,30.120218579234976,2756.0,9150,0.0,0.0,0.0,1.5849447513812154,0.37158469945355194,34.0,112.20476519337016,26.306010928961747,2407.0,14.917127071823206,3.4972677595628414,320.0,3.027799091070059,0.41530054644808745,38.0,1.1187845303867405,0.26229508196721313,24.0,14.311118784530388,3.355191256830601,307.0,1203.0,16924,4420
Matthijs de Ligt,5.6069846005352515,0.7772304324028462,71.0,10.266309831965954,1.4230979748221126,130.0,1930.9833333333331,10.187338217873908,1.4121510673234812,129.0,1139.65,0.046608377424282976,0.010946907498631636,1.0,0.2796502645456978,0.06568144499178982,6.0,0.41947539681854673,0.09852216748768472,9.0,74.01597557857399,17.384128838123626,1588.0401693625931,76.95043112749119,18.073344280240832,1651.0,1.7373755100250077,0.24083196496989598,22.0,0.7923424162128105,0.18609742747673783,17.0,0.1398251322728489,0.03284072249589491,3.0,2.9219497214056944,0.4050355774493706,37.0,0.41947539681854673,0.09852216748768472,9.0,0.1864335096971319,0.043787629994526546,4.0,0.41947539681854673,0.09852216748768472,9.0,104.44937380781813,24.532019704433498,2241.0,9135,0.0,0.0,0.0,2.3304188712141487,0.5473453749315819,50.0,93.12353809371739,21.87192118226601,1998.0,6.898039858793879,1.6201423097974823,148.0,1.3425174395647785,0.18609742747673783,17.0,1.0719926807585083,0.25177887246852765,23.0,10.347059788190819,2.4302134646962235,222.0,1241.0,16795,4290
Ron Vlaar,2.6079475995713794,0.42541877160329705,32.0,5.541888649089181,0.904014889657006,68.0,1356.7333333333331,8.394331336120377,1.3693166710981122,103.0,1104.3166666666666,0.19900741978281167,0.03988300983780909,3.0,0.39801483956562334,0.07976601967561818,6.0,0.5970222593484351,0.11964902951342729,9.0,56.92953001989899,11.409227898755889,858.202122544418,74.42877499877157,14.916245679340602,1122.0,0.8149836248660559,0.1329433661260303,10.0,0.5970222593484351,0.11964902951342729,9.0,0.13267161318854112,0.026588673225206066,2.0,1.8744623371919287,0.30576974208986973,23.0,0.06633580659427056,0.013294336612603033,1.0,0.0,0.0,0.0,0.06633580659427056,0.013294336612603033,1.0,94.8602034298069,19.010901356022334,1430.0,7522,0.0,0.0,0.0,1.1277087121025997,0.2260037224142515,17.0,83.64945211537518,16.764158468492422,1261.0,2.6534322637708225,0.5317734645041212,40.0,1.2224754372990838,0.19941504918904546,15.0,1.1277087121025997,0.2260037224142515,17.0,11.011743894648912,2.206859877692103,166.0,1227.0,14804,7290
Bram van Polen,4.434368138243749,0.8060276852987559,46.0,5.783958441187498,1.0513404590853337,60.0,1056.3833333333334,8.772336969134372,1.5945330296127564,91.0,933.6166666666663,0.08519634602338165,0.017522340984755566,1.0,0.3407853840935266,0.07008936393902226,4.0,0.3407853840935266,0.07008936393902226,4.0,75.46913240906446,15.521743990433235,885.8259295340247,76.50631872899672,15.735062204310497,898.0,3.0847778352999993,0.5607149115121781,32.0,0.8519634602338166,0.17522340984755563,10.0,0.1703926920467633,0.03504468196951113,2.0,3.470375064712499,0.6308042754512003,36.0,0.25558903807014494,0.05256702295426669,3.0,0.08519634602338165,0.017522340984755566,1.0,0.08519634602338165,0.017522340984755566,1.0,107.43259233548427,22.095671981776764,1261.0,5707,0.0,0.0,0.0,1.2779451903507248,0.2628351147713334,15.0,86.64468390577915,17.820220781496406,1017.0,6.219333259706861,1.2791308918871562,73.0,2.891979220593749,0.5256702295426668,30.0,0.5963744221636715,0.12265638689328894,7.0,15.420538630232079,3.171543718240757,181.0,742.0,10278,20832
Van den Berg,3.3459688001166352,0.6036931818181818,17.0,2.5586820236186036,0.4616477272727273,13.0,496.4666666666666,8.069689459104826,1.455965909090909,41.0,457.26666666666665,0.18128105277292872,0.03551136363636364,1.0,0.18128105277292872,0.03551136363636364,1.0,0.5438431583187862,0.1065340909090909,3.0,34.97362413406192,6.85102532950229,192.9248732787845,67.79911373707534,13.28125,374.0,0.7872867764980318,0.14204545454545456,4.0,0.7251242110917149,0.14204545454545456,4.0,0.0,0.0,0.0,2.361860329494095,0.4261363636363636,12.0,0.5438431583187862,0.1065340909090909,3.0,0.0,0.0,0.0,0.5438431583187862,0.1065340909090909,3.0,102.78635692225059,20.134943181818183,567.0,2816,0.0,0.0,0.0,0.9064052638646436,0.17755681818181818,5.0,87.01490533100579,17.045454545454543,480.0,2.356653686048073,0.4616477272727273,13.0,2.361860329494095,0.4261363636363636,12.0,1.8128105277292872,0.35511363636363635,10.0,11.42070632469451,2.237215909090909,63.0,207.0,12956,25172
