,total_corner,home_corner_ma,home_tt_coner_ma,away_corner_ma,away_total_corner_ma,home_wide_pass,home_cross,away_wide_pass,away_cross
0,15.0,3.6666666666666665,9.666666666666666,3.3333333333333335,11.666666666666666,10.666666666666666,11.0,16.666666666666668,15.0
1,10.0,4.0,11.0,8.666666666666666,12.333333333333334,11.333333333333334,21.0,15.666666666666666,27.666666666666668
2,7.0,5.666666666666667,8.666666666666666,6.333333333333333,10.0,16.0,19.0,13.333333333333334,23.666666666666668
3,9.0,7.0,11.666666666666666,4.0,10.333333333333334,12.333333333333334,19.666666666666668,12.666666666666666,14.333333333333334
4,9.0,6.333333333333333,8.666666666666666,6.0,11.333333333333334,20.333333333333332,15.666666666666666,15.0,18.333333333333332
5,11.0,5.333333333333333,10.666666666666666,6.666666666666667,11.0,11.333333333333334,14.666666666666666,18.0,20.0
6,5.0,5.666666666666667,12.0,5.666666666666667,9.0,12.0,12.0,22.0,19.333333333333332
7,10.0,4.666666666666667,10.333333333333334,3.3333333333333335,11.333333333333334,14.666666666666666,13.333333333333334,8.0,8.0
8,17.0,5.666666666666667,11.666666666666666,7.333333333333333,13.666666666666666,15.333333333333334,13.333333333333334,25.333333333333332,26.666666666666668
9,14.0,4.0,8.333333333333334,3.6666666666666665,10.666666666666666,12.333333333333334,17.333333333333332,17.666666666666668,13.333333333333334
10,12.0,5.0,10.333333333333334,5.0,8.333333333333334,17.0,17.0,15.333333333333334,17.333333333333332
11,7.0,4.666666666666667,14.666666666666666,6.0,12.0,18.666666666666668,17.333333333333332,16.0,16.333333333333332
12,19.0,3.3333333333333335,10.333333333333334,8.666666666666666,11.0,11.333333333333334,12.0,19.666666666666668,18.0
13,12.0,5.666666666666667,8.0,4.333333333333333,9.666666666666666,24.0,22.0,7.333333333333333,14.666666666666666
14,11.0,6.333333333333333,11.333333333333334,5.666666666666667,11.666666666666666,13.0,23.0,11.0,17.333333333333332
15,9.0,5.666666666666667,12.0,5.333333333333333,11.333333333333334,13.333333333333334,17.666666666666668,12.0,20.666666666666668
16,18.0,6.333333333333333,10.0,4.0,10.666666666666666,13.666666666666666,22.333333333333332,9.666666666666666,15.0
17,8.0,6.666666666666667,12.333333333333334,8.333333333333334,14.666666666666666,16.0,19.666666666666668,16.0,18.333333333333332
18,14.0,4.666666666666667,11.0,5.666666666666667,10.333333333333334,11.666666666666666,15.333333333333334,12.333333333333334,20.0
19,6.0,4.0,12.0,7.0,13.0,19.0,17.333333333333332,17.0,14.0
20,9.0,4.333333333333333,12.0,5.333333333333333,10.666666666666666,8.333333333333334,15.333333333333334,11.0,13.0
21,8.0,4.333333333333333,11.333333333333334,4.0,10.333333333333334,10.0,12.0,11.0,14.666666666666666
22,9.0,9.666666666666666,12.333333333333334,6.666666666666667,11.333333333333334,27.333333333333332,23.0,20.333333333333332,20.333333333333332
23,10.0,5.666666666666667,10.666666666666666,5.333333333333333,12.0,9.0,17.333333333333332,24.666666666666668,21.666666666666668
24,15.0,6.666666666666667,11.333333333333334,7.666666666666667,12.0,16.0,23.666666666666668,14.333333333333334,26.333333333333332
25,10.0,5.0,8.666666666666666,2.0,12.666666666666666,10.666666666666666,16.666666666666668,10.666666666666666,9.0
26,10.0,6.333333333333333,10.333333333333334,4.666666666666667,8.666666666666666,20.0,15.333333333333334,18.666666666666668,19.333333333333332
27,13.0,5.666666666666667,10.333333333333334,6.0,11.0,14.0,15.666666666666666,16.0,20.666666666666668
28,10.0,5.333333333333333,9.333333333333334,6.666666666666667,10.333333333333334,15.666666666666666,15.333333333333334,20.0,26.333333333333332
29,13.0,5.333333333333333,11.666666666666666,1.3333333333333333,9.0,18.666666666666668,13.666666666666666,17.666666666666668,12.666666666666666
30,12.0,5.666666666666667,10.666666666666666,5.0,8.666666666666666,10.0,11.333333333333334,20.333333333333332,15.0
31,10.0,2.6666666666666665,11.333333333333334,6.333333333333333,9.666666666666666,17.0,18.666666666666668,10.666666666666666,18.666666666666668
32,7.0,7.0,13.0,5.333333333333333,9.333333333333334,9.666666666666666,21.0,13.333333333333334,13.0
33,12.0,4.0,11.333333333333334,4.0,10.666666666666666,14.666666666666666,17.0,12.666666666666666,21.0
34,7.0,8.666666666666666,14.333333333333334,9.666666666666666,12.333333333333334,22.0,29.666666666666668,26.666666666666668,27.333333333333332
35,10.0,7.333333333333333,11.666666666666666,2.6666666666666665,13.0,17.333333333333332,16.333333333333332,12.333333333333334,10.0
36,7.0,4.666666666666667,9.666666666666666,2.3333333333333335,8.666666666666666,19.333333333333332,18.0,16.333333333333332,14.333333333333334
37,11.0,6.333333333333333,13.333333333333334,6.0,10.333333333333334,11.0,20.0,18.666666666666668,20.666666666666668
38,9.0,7.0,10.333333333333334,4.0,10.0,13.666666666666666,19.0,10.0,15.666666666666666
39,15.0,4.333333333333333,9.0,7.0,12.666666666666666,13.666666666666666,17.0,21.0,16.0
40,16.0,3.6666666666666665,13.0,4.333333333333333,9.666666666666666,10.0,9.666666666666666,18.666666666666668,23.0
41,16.0,5.333333333333333,9.666666666666666,8.0,12.0,10.666666666666666,18.333333333333332,21.0,27.666666666666668
42,8.0,2.6666666666666665,8.0,4.0,9.666666666666666,16.0,15.333333333333334,14.666666666666666,16.333333333333332
43,10.0,6.333333333333333,10.666666666666666,8.666666666666666,10.333333333333334,21.666666666666668,22.333333333333332,26.0,23.666666666666668
44,14.0,5.666666666666667,8.0,7.0,14.666666666666666,13.333333333333334,15.333333333333334,10.333333333333334,21.0
45,4.0,4.333333333333333,9.333333333333334,4.666666666666667,10.0,19.333333333333332,17.0,15.0,13.333333333333334
46,7.0,5.333333333333333,13.0,5.333333333333333,9.666666666666666,17.666666666666668,23.0,18.666666666666668,17.333333333333332
47,19.0,5.666666666666667,12.0,6.0,11.666666666666666,15.0,14.333333333333334,9.666666666666666,11.333333333333334
48,10.0,7.666666666666667,11.666666666666666,5.0,10.666666666666666,27.333333333333332,27.333333333333332,12.333333333333334,19.0
49,10.0,2.0,9.333333333333334,6.0,12.333333333333334,7.333333333333333,10.666666666666666,12.666666666666666,16.0
50,13.0,5.333333333333333,13.333333333333334,6.0,12.0,10.666666666666666,14.333333333333334,15.333333333333334,14.333333333333334
51,12.0,5.666666666666667,13.0,3.0,7.666666666666667,18.0,23.0,20.333333333333332,15.333333333333334
52,4.0,3.0,10.0,4.333333333333333,9.333333333333334,9.666666666666666,12.666666666666666,18.666666666666668,20.0
53,13.0,4.0,10.0,5.666666666666667,10.0,10.666666666666666,15.333333333333334,8.333333333333334,14.333333333333334
54,13.0,8.666666666666666,12.666666666666666,3.6666666666666665,8.666666666666666,19.666666666666668,28.666666666666668,18.666666666666668,15.666666666666666
55,9.0,4.333333333333333,9.0,5.333333333333333,8.666666666666666,17.666666666666668,13.0,24.333333333333332,23.666666666666668
56,11.0,5.0,8.0,3.0,9.0,19.0,15.666666666666666,7.333333333333333,12.0
57,13.0,7.666666666666667,9.666666666666666,5.666666666666667,12.0,25.0,22.0,10.333333333333334,18.333333333333332
58,4.0,7.0,11.666666666666666,4.333333333333333,10.333333333333334,15.666666666666666,21.0,15.666666666666666,16.666666666666668
59,19.0,5.333333333333333,13.333333333333334,10.0,15.666666666666666,15.0,20.0,12.0,21.333333333333332
60,9.0,4.0,7.666666666666667,8.0,10.666666666666666,15.666666666666666,15.0,23.333333333333332,23.0
61,15.0,5.0,11.333333333333334,5.666666666666667,14.666666666666666,10.0,14.666666666666666,11.666666666666666,22.0
62,11.0,4.666666666666667,13.0,6.666666666666667,8.333333333333334,7.333333333333333,16.333333333333332,21.666666666666668,16.0
63,14.0,3.3333333333333335,9.666666666666666,6.666666666666667,14.666666666666666,15.666666666666666,13.0,17.0,22.0
64,20.0,6.333333333333333,8.666666666666666,6.666666666666667,12.666666666666666,27.0,25.666666666666668,23.666666666666668,25.0
65,5.0,3.6666666666666665,9.0,8.333333333333334,12.0,15.333333333333334,15.333333333333334,13.666666666666666,22.666666666666668
66,17.0,11.0,17.666666666666668,2.6666666666666665,7.666666666666667,13.0,24.666666666666668,18.666666666666668,12.666666666666666
67,11.0,3.3333333333333335,8.333333333333334,7.0,11.0,16.666666666666668,21.0,14.333333333333334,21.333333333333332
68,9.0,1.3333333333333333,10.0,1.0,7.0,6.666666666666667,9.0,10.0,10.0
69,11.0,7.333333333333333,13.0,5.666666666666667,9.666666666666666,15.0,15.666666666666666,11.666666666666666,18.666666666666668
70,17.0,12.666666666666666,18.333333333333332,2.6666666666666665,7.666666666666667,16.333333333333332,27.666666666666668,7.666666666666667,15.0
71,12.0,6.666666666666667,16.0,4.333333333333333,8.333333333333334,22.0,22.0,19.0,24.333333333333332
72,14.0,7.0,15.666666666666666,6.333333333333333,8.333333333333334,11.666666666666666,24.666666666666668,16.666666666666668,18.666666666666668
73,7.0,4.666666666666667,14.0,7.0,9.666666666666666,11.333333333333334,14.333333333333334,25.0,17.333333333333332
74,13.0,6.0,15.666666666666666,5.333333333333333,13.333333333333334,15.333333333333334,21.333333333333332,9.0,18.666666666666668
75,17.0,10.0,13.0,2.6666666666666665,6.666666666666667,32.666666666666664,29.0,12.666666666666666,9.0
76,11.0,3.0,8.333333333333334,6.0,13.333333333333334,18.333333333333332,13.666666666666666,14.333333333333334,13.333333333333334
77,10.0,4.666666666666667,10.333333333333334,2.3333333333333335,10.0,14.666666666666666,17.666666666666668,6.333333333333333,13.666666666666666
78,11.0,2.6666666666666665,10.0,7.333333333333333,10.666666666666666,16.666666666666668,14.0,18.666666666666668,22.333333333333332
79,12.0,5.333333333333333,14.666666666666666,6.333333333333333,9.0,17.333333333333332,20.666666666666668,22.666666666666668,31.666666666666668
80,7.0,8.333333333333334,11.333333333333334,6.0,10.666666666666666,14.666666666666666,20.333333333333332,12.666666666666666,22.0
81,14.0,3.6666666666666665,11.666666666666666,2.6666666666666665,11.666666666666666,10.333333333333334,8.0,11.333333333333334,13.666666666666666
82,9.0,7.333333333333333,11.0,10.666666666666666,17.666666666666668,20.333333333333332,22.666666666666668,17.666666666666668,30.333333333333332
83,9.0,2.0,10.0,6.666666666666667,14.0,7.333333333333333,14.333333333333334,12.333333333333334,23.666666666666668
84,8.0,5.333333333333333,10.333333333333334,6.0,15.333333333333334,13.666666666666666,19.333333333333332,9.0,19.0
85,14.0,1.6666666666666667,10.0,7.0,8.333333333333334,12.666666666666666,6.666666666666667,19.333333333333332,21.333333333333332
86,15.0,5.0,12.333333333333334,6.333333333333333,12.333333333333334,10.666666666666666,20.333333333333332,23.333333333333332,24.333333333333332
87,7.0,7.666666666666667,9.666666666666666,3.6666666666666665,12.333333333333334,23.0,18.666666666666668,15.0,17.666666666666668
88,17.0,9.333333333333334,11.666666666666666,12.666666666666666,15.333333333333334,26.0,37.0,36.0,38.0
89,9.0,5.333333333333333,10.0,3.6666666666666665,14.666666666666666,12.0,21.666666666666668,10.0,14.666666666666666
90,7.0,7.666666666666667,9.666666666666666,4.333333333333333,9.333333333333334,15.333333333333334,18.333333333333332,15.0,14.666666666666666
91,13.0,3.3333333333333335,7.666666666666667,6.0,9.666666666666666,14.333333333333334,13.666666666666666,22.333333333333332,20.666666666666668
92,12.0,3.3333333333333335,12.0,7.333333333333333,13.0,11.333333333333334,15.333333333333334,11.666666666666666,22.0
93,10.0,14.333333333333334,18.0,6.333333333333333,8.333333333333334,33.666666666666664,38.666666666666664,18.333333333333332,17.0
94,14.0,6.333333333333333,8.666666666666666,4.666666666666667,12.0,19.333333333333332,22.0,17.0,12.666666666666666
95,17.0,3.3333333333333335,11.666666666666666,8.0,13.666666666666666,10.666666666666666,17.333333333333332,19.666666666666668,31.666666666666668
96,14.0,6.0,12.666666666666666,7.0,11.666666666666666,11.333333333333334,20.666666666666668,13.666666666666666,24.0
97,14.0,8.0,14.333333333333334,2.3333333333333335,13.333333333333334,16.666666666666668,25.666666666666668,10.666666666666666,7.333333333333333
98,10.0,7.0,13.0,3.0,8.666666666666666,21.333333333333332,29.666666666666668,11.0,11.333333333333334
99,9.0,5.0,11.666666666666666,8.333333333333334,10.666666666666666,9.0,17.666666666666668,17.0,19.666666666666668
100,17.0,2.3333333333333335,11.0,3.6666666666666665,9.333333333333334,7.666666666666667,17.666666666666668,6.0,17.0
101,11.0,7.333333333333333,13.333333333333334,4.666666666666667,11.666666666666666,9.0,21.0,11.0,17.333333333333332
102,12.0,5.0,8.0,4.666666666666667,11.666666666666666,17.0,16.0,24.333333333333332,25.333333333333332
103,9.0,7.333333333333333,15.333333333333334,5.333333333333333,10.333333333333334,16.0,27.0,16.333333333333332,19.0
104,11.0,4.666666666666667,12.0,12.666666666666666,14.666666666666666,7.0,16.666666666666668,27.0,37.333333333333336
105,13.0,4.333333333333333,15.0,4.0,11.0,11.0,9.333333333333334,14.0,20.0
106,12.0,4.333333333333333,8.333333333333334,4.333333333333333,12.333333333333334,16.666666666666668,12.0,12.333333333333334,18.333333333333332
107,19.0,6.666666666666667,13.0,6.0,13.333333333333334,18.0,15.666666666666666,17.666666666666668,26.666666666666668
108,18.0,6.0,10.0,5.333333333333333,12.666666666666666,11.666666666666666,17.0,10.333333333333334,22.666666666666668
109,8.0,6.0,11.0,7.0,11.666666666666666,17.0,18.666666666666668,22.333333333333332,29.0
110,9.0,8.0,13.333333333333334,5.666666666666667,10.0,16.333333333333332,22.333333333333332,11.333333333333334,22.0
111,15.0,5.0,11.666666666666666,5.666666666666667,11.666666666666666,9.666666666666666,16.333333333333332,14.0,21.666666666666668
112,9.0,7.0,12.666666666666666,10.333333333333334,12.666666666666666,8.333333333333334,22.0,24.666666666666668,29.333333333333332
113,14.0,6.0,9.666666666666666,7.666666666666667,14.666666666666666,23.333333333333332,24.666666666666668,11.666666666666666,26.333333333333332
114,9.0,5.333333333333333,10.0,6.0,13.0,20.0,20.333333333333332,12.333333333333334,21.0
115,9.0,7.333333333333333,10.666666666666666,3.3333333333333335,12.333333333333334,16.0,24.0,14.333333333333334,19.0
116,7.0,6.333333333333333,13.666666666666666,8.0,15.666666666666666,13.0,16.333333333333332,18.333333333333332,19.666666666666668
117,7.0,5.666666666666667,11.333333333333334,5.0,10.0,16.666666666666668,19.0,19.333333333333332,14.666666666666666
118,11.0,5.333333333333333,14.333333333333334,6.666666666666667,12.0,13.0,18.0,17.0,27.0
119,9.0,4.0,8.666666666666666,4.0,12.333333333333334,13.666666666666666,20.333333333333332,7.0,16.333333333333332
120,18.0,7.333333333333333,14.0,4.333333333333333,9.666666666666666,20.666666666666668,28.333333333333332,15.666666666666666,19.333333333333332
121,8.0,5.333333333333333,11.333333333333334,7.0,14.333333333333334,12.666666666666666,25.333333333333332,10.333333333333334,19.0
122,2.0,4.666666666666667,9.666666666666666,4.333333333333333,10.666666666666666,16.666666666666668,17.333333333333332,6.666666666666667,17.0
123,19.0,8.0,10.0,5.333333333333333,11.333333333333334,29.333333333333332,28.333333333333332,16.333333333333332,16.666666666666668
124,6.0,5.666666666666667,11.0,6.666666666666667,12.0,14.0,27.0,22.666666666666668,26.0
125,4.0,7.333333333333333,13.666666666666666,5.666666666666667,12.333333333333334,15.0,23.666666666666668,13.666666666666666,16.333333333333332
126,10.0,5.0,13.333333333333334,5.333333333333333,9.0,10.666666666666666,12.666666666666666,20.0,30.333333333333332
127,15.0,2.6666666666666665,12.333333333333334,6.666666666666667,11.333333333333334,7.0,13.0,14.0,19.666666666666668
128,13.0,8.333333333333334,16.333333333333332,6.0,10.0,12.666666666666666,25.0,18.666666666666668,22.0
129,7.0,6.666666666666667,13.333333333333334,7.0,10.666666666666666,15.0,21.666666666666668,15.333333333333334,24.333333333333332
130,7.0,3.3333333333333335,10.333333333333334,9.0,17.0,17.0,17.333333333333332,21.0,30.333333333333332
131,13.0,8.0,11.666666666666666,3.6666666666666665,9.333333333333334,12.333333333333334,24.0,18.0,16.666666666666668
132,5.0,3.6666666666666665,9.333333333333334,7.333333333333333,15.0,23.0,26.333333333333332,11.333333333333334,25.666666666666668
133,16.0,5.333333333333333,10.0,5.666666666666667,12.0,22.333333333333332,23.0,13.666666666666666,14.333333333333334
134,13.0,7.666666666666667,10.666666666666666,6.0,10.333333333333334,26.333333333333332,29.666666666666668,13.0,18.666666666666668
135,7.0,3.0,7.333333333333333,1.6666666666666667,11.666666666666666,8.666666666666666,17.666666666666668,8.333333333333334,11.333333333333334
136,9.0,4.0,8.0,5.0,10.0,16.333333333333332,16.0,11.666666666666666,23.666666666666668
137,6.0,8.0,14.666666666666666,10.666666666666666,13.0,17.333333333333332,22.666666666666668,36.0,38.333333333333336
138,13.0,5.333333333333333,8.333333333333334,2.6666666666666665,7.0,14.0,20.666666666666668,11.666666666666666,15.333333333333334
139,11.0,5.333333333333333,14.666666666666666,3.6666666666666665,8.333333333333334,16.666666666666668,16.0,9.333333333333334,20.0
140,10.0,4.666666666666667,11.333333333333334,5.666666666666667,11.333333333333334,8.333333333333334,14.333333333333334,15.666666666666666,18.666666666666668
141,9.0,4.0,9.333333333333334,5.0,10.333333333333334,10.0,18.666666666666668,11.666666666666666,16.666666666666668
142,7.0,6.333333333333333,11.666666666666666,4.0,8.0,20.666666666666668,23.0,27.0,30.333333333333332
143,9.0,4.666666666666667,10.666666666666666,2.6666666666666665,6.0,9.666666666666666,16.666666666666668,9.333333333333334,13.0
144,12.0,5.0,10.666666666666666,7.666666666666667,11.666666666666666,12.0,22.666666666666668,15.0,24.333333333333332
145,6.0,8.333333333333334,11.333333333333334,8.0,12.666666666666666,28.666666666666668,28.666666666666668,22.666666666666668,25.666666666666668
146,9.0,2.3333333333333335,10.333333333333334,3.6666666666666665,11.0,9.0,15.666666666666666,9.333333333333334,13.0
147,14.0,4.666666666666667,11.0,6.666666666666667,9.666666666666666,14.0,13.333333333333334,13.333333333333334,21.666666666666668
148,8.0,2.0,7.333333333333333,7.666666666666667,11.0,8.333333333333334,13.333333333333334,25.333333333333332,30.666666666666668
149,8.0,3.6666666666666665,8.666666666666666,4.333333333333333,12.333333333333334,10.666666666666666,20.0,18.333333333333332,16.333333333333332
150,13.0,5.666666666666667,10.0,5.333333333333333,13.333333333333334,14.666666666666666,23.333333333333332,16.333333333333332,14.333333333333334
151,11.0,3.0,8.666666666666666,3.3333333333333335,7.333333333333333,10.666666666666666,13.666666666666666,10.333333333333334,14.666666666666666
152,9.0,6.333333333333333,9.0,7.333333333333333,13.333333333333334,24.0,28.333333333333332,14.333333333333334,24.666666666666668
153,13.0,3.3333333333333335,9.0,5.333333333333333,9.666666666666666,10.666666666666666,13.333333333333334,16.666666666666668,18.333333333333332
154,12.0,3.6666666666666665,8.666666666666666,3.3333333333333335,6.0,13.0,17.666666666666668,9.666666666666666,16.0
155,5.0,4.666666666666667,12.666666666666666,3.3333333333333335,10.333333333333334,22.666666666666668,17.666666666666668,10.333333333333334,20.333333333333332
156,10.0,2.3333333333333335,7.333333333333333,4.0,8.333333333333334,19.333333333333332,18.333333333333332,10.333333333333334,16.333333333333332
157,11.0,2.0,7.666666666666667,4.666666666666667,8.0,11.333333333333334,10.333333333333334,29.333333333333332,23.333333333333332
158,10.0,5.666666666666667,11.666666666666666,4.666666666666667,8.0,18.666666666666668,22.0,19.0,18.333333333333332
159,4.0,8.666666666666666,11.333333333333334,8.333333333333334,10.333333333333334,14.333333333333334,21.666666666666668,22.333333333333332,24.0
160,9.0,3.6666666666666665,9.333333333333334,5.333333333333333,8.0,9.0,12.666666666666666,34.333333333333336,20.0
161,11.0,4.333333333333333,9.333333333333334,5.333333333333333,11.0,26.0,23.666666666666668,13.0,19.0
162,10.0,5.0,14.333333333333334,4.666666666666667,10.666666666666666,16.0,15.333333333333334,17.0,13.0
163,16.0,3.6666666666666665,11.333333333333334,5.0,10.666666666666666,12.333333333333334,18.666666666666668,14.0,16.0
164,9.0,2.3333333333333335,9.0,4.666666666666667,10.0,6.333333333333333,10.666666666666666,15.0,21.333333333333332
165,13.0,2.3333333333333335,7.0,6.666666666666667,10.666666666666666,9.333333333333334,16.666666666666668,16.0,24.666666666666668
166,10.0,6.0,11.0,4.666666666666667,10.666666666666666,18.666666666666668,21.333333333333332,13.333333333333334,18.666666666666668
167,5.0,3.3333333333333335,8.666666666666666,7.333333333333333,10.0,14.333333333333334,19.333333333333332,23.0,31.333333333333332
168,11.0,5.666666666666667,7.666666666666667,8.333333333333334,10.333333333333334,22.666666666666668,25.333333333333332,25.666666666666668,29.666666666666668
169,13.0,3.3333333333333335,5.333333333333333,5.0,7.333333333333333,13.333333333333334,8.333333333333334,20.0,23.333333333333332
170,5.0,3.0,8.333333333333334,4.666666666666667,7.333333333333333,12.333333333333334,16.0,30.333333333333332,12.666666666666666
171,8.0,5.0,9.666666666666666,5.333333333333333,7.333333333333333,21.666666666666668,20.666666666666668,16.333333333333332,25.0
172,12.0,4.0,10.0,5.0,11.333333333333334,9.333333333333334,16.666666666666668,12.333333333333334,23.666666666666668
173,9.0,5.0,7.666666666666667,7.666666666666667,11.333333333333334,12.333333333333334,10.0,17.0,27.0
174,9.0,3.0,9.0,2.3333333333333335,8.666666666666666,12.333333333333334,18.0,9.333333333333334,13.333333333333334
175,7.0,5.0,12.333333333333334,5.333333333333333,12.666666666666666,13.0,14.333333333333334,13.0,14.333333333333334
176,15.0,6.0,12.333333333333334,6.0,9.666666666666666,10.0,22.666666666666668,19.0,17.0
177,11.0,3.3333333333333335,9.0,6.666666666666667,9.666666666666666,8.333333333333334,14.666666666666666,20.666666666666668,24.666666666666668
178,11.0,6.333333333333333,12.0,4.666666666666667,10.333333333333334,14.333333333333334,20.666666666666668,15.333333333333334,16.0
179,12.0,6.333333333333333,10.0,5.666666666666667,10.0,20.666666666666668,23.333333333333332,15.666666666666666,18.666666666666668
180,10.0,6.0,11.666666666666666,6.666666666666667,11.333333333333334,16.333333333333332,19.0,16.666666666666668,22.333333333333332
181,13.0,4.666666666666667,7.333333333333333,5.0,11.0,16.333333333333332,23.666666666666668,18.0,25.666666666666668
182,5.0,5.333333333333333,12.0,2.0,7.0,18.666666666666668,17.666666666666668,11.0,15.666666666666666
183,7.0,8.0,11.333333333333334,5.333333333333333,10.0,12.666666666666666,23.333333333333332,16.666666666666668,19.666666666666668
184,6.0,4.333333333333333,6.333333333333333,4.666666666666667,10.0,26.666666666666668,13.333333333333334,10.333333333333334,15.333333333333334
185,6.0,4.0,9.666666666666666,6.333333333333333,13.333333333333334,14.0,13.666666666666666,9.666666666666666,21.333333333333332
186,7.0,8.0,12.0,7.0,11.0,17.333333333333332,20.0,20.333333333333332,24.333333333333332
187,7.0,5.333333333333333,8.666666666666666,3.0,9.0,19.333333333333332,27.666666666666668,10.333333333333334,15.0
188,10.0,4.0,11.0,3.6666666666666665,10.0,16.0,14.0,7.333333333333333,13.333333333333334
189,6.0,4.0,11.333333333333334,4.0,8.666666666666666,9.333333333333334,19.666666666666668,11.333333333333334,9.0
190,13.0,5.666666666666667,10.333333333333334,6.0,9.666666666666666,13.666666666666666,20.666666666666668,10.333333333333334,21.333333333333332
191,4.0,7.333333333333333,12.333333333333334,6.0,9.666666666666666,13.666666666666666,24.333333333333332,14.333333333333334,22.666666666666668
192,6.0,5.0,10.0,6.333333333333333,10.666666666666666,9.0,15.666666666666666,14.333333333333334,18.333333333333332
193,9.0,2.3333333333333335,5.0,5.333333333333333,11.666666666666666,7.333333333333333,11.333333333333334,15.0,16.666666666666668
194,7.0,5.666666666666667,8.666666666666666,3.0,9.0,15.333333333333334,19.0,6.666666666666667,13.333333333333334
195,11.0,3.6666666666666665,9.666666666666666,5.333333333333333,8.666666666666666,10.333333333333334,17.0,18.666666666666668,22.0
196,16.0,5.0,9.333333333333334,3.3333333333333335,9.333333333333334,15.333333333333334,13.666666666666666,19.0,15.666666666666666
197,9.0,2.6666666666666665,7.666666666666667,3.0,10.666666666666666,5.0,10.333333333333334,17.666666666666668,14.666666666666666
198,16.0,5.333333333333333,10.0,4.0,6.666666666666667,21.666666666666668,19.333333333333332,17.0,13.333333333333334
199,9.0,5.333333333333333,11.333333333333334,4.0,8.333333333333334,17.333333333333332,26.666666666666668,15.333333333333334,13.666666666666666
200,18.0,5.333333333333333,10.333333333333334,7.0,10.333333333333334,15.333333333333334,19.333333333333332,21.333333333333332,28.333333333333332
201,10.0,5.333333333333333,9.666666666666666,2.3333333333333335,9.0,11.666666666666666,21.333333333333332,6.666666666666667,11.333333333333334
202,8.0,2.6666666666666665,9.333333333333334,3.6666666666666665,8.333333333333334,18.666666666666668,15.0,13.0,19.666666666666668
203,22.0,7.666666666666667,10.666666666666666,3.0,6.333333333333333,28.0,25.0,12.0,14.0
204,13.0,4.0,10.0,3.6666666666666665,7.333333333333333,16.666666666666668,16.666666666666668,15.0,14.666666666666666
205,9.0,3.3333333333333335,8.333333333333334,4.0,9.0,8.0,12.333333333333334,12.0,17.0
206,10.0,5.333333333333333,9.333333333333334,2.6666666666666665,7.333333333333333,15.333333333333334,15.666666666666666,11.0,11.0
207,7.0,4.333333333333333,9.0,5.0,11.333333333333334,12.666666666666666,16.666666666666668,16.0,25.0
208,15.0,4.0,8.0,6.333333333333333,11.333333333333334,17.333333333333332,15.333333333333334,16.333333333333332,24.0
209,6.0,5.0,7.333333333333333,7.333333333333333,11.666666666666666,17.333333333333332,21.333333333333332,21.0,22.666666666666668
210,10.0,6.0,12.666666666666666,6.0,9.666666666666666,11.666666666666666,20.666666666666668,19.666666666666668,19.333333333333332
211,9.0,5.0,10.666666666666666,4.0,7.333333333333333,13.0,15.0,12.333333333333334,20.0
212,17.0,7.333333333333333,10.666666666666666,4.333333333333333,6.0,18.333333333333332,20.0,18.666666666666668,20.0
213,10.0,4.666666666666667,9.666666666666666,3.3333333333333335,5.666666666666667,19.666666666666668,19.333333333333332,19.0,18.666666666666668
214,10.0,6.0,12.666666666666666,4.666666666666667,9.0,10.666666666666666,20.333333333333332,14.0,16.0
215,8.0,3.6666666666666665,8.333333333333334,5.333333333333333,10.0,14.0,19.0,14.0,25.333333333333332
216,20.0,2.3333333333333335,9.333333333333334,3.0,8.333333333333334,9.0,13.0,10.0,10.0
217,10.0,4.666666666666667,10.0,12.333333333333334,15.333333333333334,16.666666666666668,18.666666666666668,34.666666666666664,31.666666666666668
218,14.0,1.0,9.666666666666666,5.666666666666667,12.333333333333334,14.333333333333334,7.666666666666667,16.0,23.0
219,12.0,3.0,9.666666666666666,4.333333333333333,12.0,7.666666666666667,13.666666666666666,13.0,15.0
220,8.0,4.666666666666667,7.666666666666667,10.333333333333334,13.333333333333334,13.333333333333334,13.333333333333334,22.0,33.666666666666664
221,5.0,5.666666666666667,10.0,3.3333333333333335,7.666666666666667,15.666666666666666,19.666666666666668,15.333333333333334,17.0
222,10.0,5.333333333333333,10.333333333333334,3.6666666666666665,12.666666666666666,16.0,25.333333333333332,12.333333333333334,12.666666666666666
223,12.0,5.0,13.666666666666666,3.6666666666666665,10.333333333333334,14.666666666666666,20.333333333333332,10.0,12.333333333333334
224,7.0,3.6666666666666665,6.666666666666667,5.333333333333333,11.333333333333334,13.666666666666666,18.0,14.666666666666666,19.666666666666668
225,9.0,6.333333333333333,13.0,5.666666666666667,11.0,14.333333333333334,16.333333333333332,17.0,14.666666666666666
226,6.0,6.666666666666667,9.666666666666666,3.6666666666666665,9.333333333333334,16.0,20.0,10.666666666666666,22.666666666666668
227,11.0,5.333333333333333,14.333333333333334,4.333333333333333,13.666666666666666,13.666666666666666,18.666666666666668,10.0,18.333333333333332
228,19.0,6.0,8.333333333333334,4.0,8.0,17.0,26.0,12.666666666666666,11.666666666666666
229,17.0,11.0,14.333333333333334,4.666666666666667,11.0,29.666666666666668,27.0,25.333333333333332,21.666666666666668
230,7.0,11.0,14.0,5.0,11.666666666666666,22.333333333333332,36.666666666666664,6.333333333333333,18.666666666666668
231,8.0,10.666666666666666,16.333333333333332,5.333333333333333,12.333333333333334,25.0,24.0,10.0,12.333333333333334
232,12.0,5.0,10.666666666666666,6.0,13.666666666666666,13.333333333333334,17.333333333333332,9.333333333333334,19.333333333333332
233,10.0,3.0,8.333333333333334,3.3333333333333335,11.333333333333334,9.666666666666666,20.666666666666668,11.0,12.666666666666666
234,14.0,6.0,14.666666666666666,5.666666666666667,9.333333333333334,16.666666666666668,24.333333333333332,21.666666666666668,25.333333333333332
235,10.0,3.6666666666666665,10.666666666666666,8.333333333333334,11.0,14.0,18.666666666666668,25.666666666666668,29.666666666666668
236,15.0,7.666666666666667,10.333333333333334,8.666666666666666,12.333333333333334,20.0,20.666666666666668,18.0,29.333333333333332
237,5.0,5.0,7.666666666666667,5.666666666666667,13.0,16.666666666666668,22.0,9.0,13.333333333333334
238,8.0,5.666666666666667,11.333333333333334,3.0,7.333333333333333,27.333333333333332,21.0,10.333333333333334,10.666666666666666
239,9.0,5.666666666666667,15.0,4.666666666666667,9.333333333333334,17.666666666666668,20.666666666666668,13.666666666666666,25.0
240,24.0,6.666666666666667,12.0,2.6666666666666665,9.0,16.333333333333332,20.666666666666668,6.0,17.333333333333332
241,13.0,5.0,11.333333333333334,2.3333333333333335,9.0,12.0,13.333333333333334,11.0,15.333333333333334
242,18.0,6.333333333333333,14.333333333333334,4.666666666666667,9.333333333333334,9.333333333333334,19.0,12.0,24.666666666666668
243,8.0,3.6666666666666665,7.0,9.666666666666666,16.666666666666668,11.333333333333334,12.333333333333334,17.333333333333332,27.0
244,13.0,4.333333333333333,13.666666666666666,8.0,12.666666666666666,6.333333333333333,19.333333333333332,15.666666666666666,20.666666666666668
245,18.0,2.6666666666666665,10.333333333333334,6.0,11.666666666666666,14.666666666666666,15.666666666666666,15.333333333333334,16.0
246,15.0,3.6666666666666665,9.666666666666666,7.333333333333333,12.0,16.666666666666668,19.666666666666668,13.0,21.333333333333332
247,21.0,3.6666666666666665,9.0,5.0,11.666666666666666,13.666666666666666,24.666666666666668,22.0,16.333333333333332
248,9.0,4.666666666666667,11.666666666666666,5.666666666666667,7.333333333333333,9.0,11.333333333333334,15.0,19.333333333333332
249,2.0,5.333333333333333,7.0,4.333333333333333,11.333333333333334,14.666666666666666,19.0,21.0,22.333333333333332
250,13.0,7.333333333333333,11.333333333333334,7.333333333333333,13.666666666666666,19.666666666666668,24.0,9.0,19.0
251,15.0,8.333333333333334,13.333333333333334,3.0,9.0,18.333333333333332,33.333333333333336,9.0,9.666666666666666
252,13.0,9.333333333333334,13.666666666666666,3.6666666666666665,13.333333333333334,21.0,31.666666666666668,12.666666666666666,15.0
253,16.0,6.666666666666667,12.333333333333334,3.3333333333333335,7.0,9.666666666666666,16.0,8.333333333333334,12.666666666666666
254,8.0,5.333333333333333,11.333333333333334,5.333333333333333,12.0,11.333333333333334,18.0,10.666666666666666,17.333333333333332
255,13.0,6.0,10.666666666666666,4.333333333333333,14.666666666666666,21.333333333333332,19.666666666666668,8.333333333333334,19.333333333333332
256,13.0,6.333333333333333,15.333333333333334,6.333333333333333,8.333333333333334,19.333333333333332,15.666666666666666,28.333333333333332,27.333333333333332
257,7.0,8.666666666666666,14.333333333333334,6.666666666666667,13.333333333333334,19.0,25.666666666666668,14.0,25.0
258,9.0,3.3333333333333335,10.0,8.666666666666666,14.333333333333334,12.333333333333334,17.333333333333332,12.0,24.0
259,7.0,8.0,10.0,5.666666666666667,11.0,27.0,29.333333333333332,23.333333333333332,19.333333333333332
260,16.0,6.0,14.333333333333334,10.0,13.666666666666666,8.0,19.666666666666668,17.333333333333332,39.333333333333336
261,16.0,4.0,11.0,7.666666666666667,13.666666666666666,9.333333333333334,16.0,15.333333333333334,22.0
262,13.0,4.666666666666667,8.333333333333334,4.333333333333333,14.0,10.333333333333334,18.666666666666668,17.0,13.333333333333334
263,17.0,3.3333333333333335,10.333333333333334,4.666666666666667,9.666666666666666,16.333333333333332,19.0,15.333333333333334,14.333333333333334
264,15.0,3.6666666666666665,13.666666666666666,7.333333333333333,14.333333333333334,10.666666666666666,14.666666666666666,11.333333333333334,14.666666666666666
265,12.0,6.333333333333333,16.666666666666668,3.6666666666666665,5.333333333333333,9.666666666666666,24.0,13.333333333333334,14.666666666666666
266,9.0,5.333333333333333,10.666666666666666,6.333333333333333,10.666666666666666,10.666666666666666,20.666666666666668,13.666666666666666,20.666666666666668
267,6.0,8.0,14.333333333333334,8.666666666666666,15.0,11.666666666666666,21.333333333333332,15.666666666666666,34.0
268,12.0,6.0,13.333333333333334,7.666666666666667,11.0,9.333333333333334,18.666666666666668,16.333333333333332,23.333333333333332
269,7.0,5.666666666666667,12.333333333333334,10.0,15.0,15.0,21.666666666666668,28.0,31.333333333333332
270,4.0,7.666666666666667,10.0,5.666666666666667,12.0,24.666666666666668,20.0,12.0,24.333333333333332
271,13.0,5.333333333333333,10.0,5.333333333333333,12.666666666666666,12.666666666666666,19.333333333333332,10.0,23.0
272,13.0,7.666666666666667,10.333333333333334,6.0,11.333333333333334,19.0,24.666666666666668,22.0,25.333333333333332
273,10.0,4.666666666666667,7.666666666666667,6.333333333333333,15.333333333333334,14.666666666666666,16.0,10.0,13.666666666666666
274,11.0,6.666666666666667,14.666666666666666,5.0,11.666666666666666,8.333333333333334,17.666666666666668,12.333333333333334,15.0
275,15.0,7.0,12.333333333333334,4.666666666666667,12.333333333333334,13.0,20.0,12.0,15.333333333333334
276,15.0,5.333333333333333,15.666666666666666,6.0,12.333333333333334,15.0,15.666666666666666,15.333333333333334,25.333333333333332
277,6.0,6.666666666666667,9.333333333333334,6.333333333333333,15.333333333333334,27.0,24.666666666666668,11.333333333333334,12.666666666666666
278,12.0,10.0,12.333333333333334,6.333333333333333,8.0,28.333333333333332,32.0,30.0,16.333333333333332
279,10.0,7.0,14.0,5.0,12.333333333333334,14.0,21.666666666666668,12.0,16.666666666666668
280,8.0,3.6666666666666665,10.0,4.333333333333333,11.0,10.666666666666666,18.0,11.333333333333334,19.666666666666668
281,4.0,7.666666666666667,14.333333333333334,5.0,8.0,16.666666666666668,23.333333333333332,15.0,18.0
282,8.0,5.666666666666667,11.0,5.333333333333333,13.0,12.333333333333334,25.333333333333332,14.333333333333334,19.0
283,10.0,4.0,12.333333333333334,1.6666666666666667,6.666666666666667,11.0,8.666666666666666,9.333333333333334,15.333333333333334
284,9.0,5.666666666666667,10.666666666666666,6.0,13.666666666666666,15.0,19.666666666666668,16.0,14.333333333333334
285,5.0,5.333333333333333,12.666666666666666,7.0,10.333333333333334,10.0,21.0,22.666666666666668,21.333333333333332
286,9.0,6.333333333333333,12.666666666666666,5.333333333333333,11.333333333333334,11.333333333333334,15.333333333333334,11.0,17.0
287,8.0,2.3333333333333335,8.333333333333334,7.333333333333333,10.333333333333334,12.0,12.333333333333334,25.666666666666668,25.666666666666668
288,8.0,5.0,11.333333333333334,6.666666666666667,14.0,8.666666666666666,12.666666666666666,9.666666666666666,18.666666666666668
289,6.0,5.0,7.666666666666667,7.0,8.666666666666666,37.333333333333336,12.666666666666666,35.0,22.666666666666668
290,7.0,4.333333333333333,12.333333333333334,7.0,11.333333333333334,15.666666666666666,19.666666666666668,13.666666666666666,18.0
291,8.0,5.0,8.666666666666666,6.333333333333333,11.666666666666666,13.0,18.0,12.0,16.0
292,2.0,5.666666666666667,11.666666666666666,7.0,13.0,10.666666666666666,13.0,12.333333333333334,19.333333333333332
293,11.0,7.0,12.333333333333334,7.0,11.333333333333334,23.666666666666668,15.333333333333334,17.666666666666668,16.0
294,8.0,6.0,9.666666666666666,4.666666666666667,8.333333333333334,26.666666666666668,25.666666666666668,12.333333333333334,22.666666666666668
295,10.0,6.0,10.0,4.333333333333333,10.333333333333334,24.666666666666668,27.666666666666668,14.333333333333334,13.333333333333334
296,12.0,5.0,6.333333333333333,4.333333333333333,10.333333333333334,26.0,20.0,20.0,19.666666666666668
297,10.0,3.6666666666666665,10.0,3.6666666666666665,10.0,15.666666666666666,12.666666666666666,12.0,14.666666666666666
298,15.0,4.666666666666667,11.333333333333334,4.333333333333333,7.333333333333333,14.0,15.0,28.333333333333332,13.333333333333334
299,12.0,1.0,7.333333333333333,3.3333333333333335,9.333333333333334,12.333333333333334,8.666666666666666,15.333333333333334,16.0
300,11.0,7.333333333333333,11.0,3.0,8.666666666666666,14.666666666666666,21.0,11.666666666666666,9.666666666666666
301,16.0,5.333333333333333,8.666666666666666,4.333333333333333,8.333333333333334,16.0,16.666666666666668,22.0,19.0
302,7.0,5.0,8.0,2.6666666666666665,7.0,9.666666666666666,21.0,15.0,13.666666666666666
303,11.0,5.666666666666667,8.666666666666666,4.666666666666667,10.333333333333334,12.666666666666666,12.0,19.666666666666668,23.666666666666668
304,16.0,4.333333333333333,8.0,5.333333333333333,8.0,9.666666666666666,15.666666666666666,32.0,22.0
305,9.0,7.666666666666667,11.0,5.0,11.333333333333334,28.0,24.333333333333332,16.666666666666668,14.666666666666666
306,7.0,5.0,11.333333333333334,3.6666666666666665,7.333333333333333,14.333333333333334,19.0,14.333333333333334,17.0
307,13.0,3.3333333333333335,9.333333333333334,1.6666666666666667,10.0,13.0,14.0,11.333333333333334,12.666666666666666
308,8.0,5.333333333333333,10.333333333333334,7.666666666666667,11.666666666666666,18.666666666666668,22.333333333333332,27.666666666666668,16.666666666666668
309,8.0,4.666666666666667,10.0,3.0,11.0,13.666666666666666,16.0,13.333333333333334,10.666666666666666
310,20.0,4.333333333333333,10.0,6.666666666666667,10.333333333333334,14.666666666666666,13.666666666666666,15.0,20.333333333333332
311,6.0,4.0,7.666666666666667,3.3333333333333335,9.333333333333334,10.333333333333334,19.0,15.666666666666666,12.0
312,7.0,1.6666666666666667,5.666666666666667,5.333333333333333,9.333333333333334,15.333333333333334,11.666666666666666,14.0,22.333333333333332
313,17.0,6.666666666666667,11.333333333333334,2.3333333333333335,11.666666666666666,24.333333333333332,26.0,13.0,15.333333333333334
314,9.0,4.0,9.0,8.0,10.0,12.0,16.666666666666668,25.0,24.666666666666668
315,10.0,5.333333333333333,8.666666666666666,5.666666666666667,9.666666666666666,17.666666666666668,25.333333333333332,23.0,23.0
316,6.0,3.3333333333333335,8.0,7.666666666666667,12.0,16.666666666666668,16.333333333333332,23.666666666666668,24.333333333333332
317,8.0,5.666666666666667,13.333333333333334,3.0,9.666666666666666,14.333333333333334,15.333333333333334,12.333333333333334,21.333333333333332
318,11.0,7.666666666666667,12.666666666666666,7.0,9.0,14.0,23.333333333333332,12.0,16.0
319,7.0,2.0,6.333333333333333,4.0,9.0,13.666666666666666,13.666666666666666,10.666666666666666,13.333333333333334
320,10.0,6.0,9.333333333333334,3.3333333333333335,10.333333333333334,26.333333333333332,16.666666666666668,13.0,12.0
321,9.0,6.666666666666667,11.333333333333334,1.3333333333333333,5.333333333333333,21.666666666666668,25.0,16.0,13.666666666666666
322,8.0,9.333333333333334,11.0,4.333333333333333,13.0,29.666666666666668,28.0,12.666666666666666,15.0
323,11.0,4.0,14.0,3.0,7.333333333333333,8.333333333333334,17.666666666666668,14.0,12.666666666666666
324,15.0,6.666666666666667,10.0,9.333333333333334,15.0,12.666666666666666,16.333333333333332,29.666666666666668,28.666666666666668
325,9.0,3.6666666666666665,8.333333333333334,7.666666666666667,14.0,9.333333333333334,13.666666666666666,15.0,18.333333333333332
326,14.0,3.3333333333333335,9.666666666666666,6.333333333333333,9.666666666666666,15.0,15.666666666666666,14.666666666666666,26.333333333333332
327,10.0,4.333333333333333,11.0,3.3333333333333335,9.0,13.0,16.333333333333332,10.666666666666666,13.333333333333334
328,9.0,5.0,10.666666666666666,5.666666666666667,9.666666666666666,19.0,20.666666666666668,20.666666666666668,17.0
329,10.0,3.6666666666666665,8.666666666666666,4.333333333333333,8.666666666666666,8.0,15.666666666666666,12.333333333333334,19.333333333333332
330,15.0,6.666666666666667,10.0,3.3333333333333335,8.0,15.0,27.0,11.666666666666666,14.0
331,10.0,3.3333333333333335,10.333333333333334,6.333333333333333,9.333333333333334,16.666666666666668,17.0,23.0,21.333333333333332
332,8.0,7.333333333333333,13.333333333333334,3.3333333333333335,8.333333333333334,15.666666666666666,17.333333333333332,10.666666666666666,18.333333333333332
333,17.0,5.0,10.333333333333334,4.666666666666667,8.333333333333334,13.666666666666666,21.666666666666668,11.0,14.0
334,7.0,3.3333333333333335,11.666666666666666,7.666666666666667,11.666666666666666,12.666666666666666,12.333333333333334,26.333333333333332,30.666666666666668
335,12.0,3.3333333333333335,10.333333333333334,8.0,11.666666666666666,13.333333333333334,12.666666666666666,17.666666666666668,30.333333333333332
336,12.0,5.333333333333333,9.0,3.3333333333333335,8.333333333333334,20.333333333333332,15.0,10.333333333333334,14.666666666666666
337,12.0,5.666666666666667,8.666666666666666,11.0,13.666666666666666,24.666666666666668,27.333333333333332,22.666666666666668,27.666666666666668
338,19.0,6.666666666666667,9.666666666666666,4.0,13.666666666666666,21.666666666666668,20.333333333333332,9.0,17.666666666666668
339,8.0,5.333333333333333,10.0,2.6666666666666665,8.666666666666666,16.0,17.333333333333332,14.666666666666666,10.666666666666666
340,5.0,5.666666666666667,10.0,5.0,9.333333333333334,24.0,19.666666666666668,18.333333333333332,16.0
341,10.0,6.0,11.666666666666666,6.0,8.666666666666666,9.666666666666666,15.0,23.0,18.666666666666668
342,14.0,4.333333333333333,8.0,7.0,13.666666666666666,14.333333333333334,22.333333333333332,15.333333333333334,24.0
343,13.0,4.0,10.333333333333334,6.333333333333333,10.0,8.333333333333334,11.666666666666666,14.666666666666666,24.666666666666668
344,10.0,4.333333333333333,15.666666666666666,4.666666666666667,8.333333333333334,9.0,16.666666666666668,25.333333333333332,16.666666666666668
345,8.0,2.3333333333333335,8.333333333333334,6.666666666666667,10.333333333333334,19.666666666666668,11.333333333333334,24.666666666666668,19.0
346,6.0,5.333333333333333,9.0,9.666666666666666,13.333333333333334,19.333333333333332,14.666666666666666,19.333333333333332,24.0
347,14.0,3.6666666666666665,7.333333333333333,6.333333333333333,10.666666666666666,15.333333333333334,14.0,18.666666666666668,20.0
348,4.0,6.333333333333333,11.333333333333334,5.666666666666667,12.666666666666666,14.333333333333334,25.666666666666668,9.666666666666666,16.0
349,10.0,11.0,12.0,4.0,10.666666666666666,19.333333333333332,26.333333333333332,15.666666666666666,12.0
350,7.0,6.0,12.333333333333334,5.0,13.333333333333334,12.666666666666666,19.0,10.666666666666666,21.666666666666668
351,13.0,6.666666666666667,11.0,4.0,7.666666666666667,13.666666666666666,19.333333333333332,22.0,17.333333333333332
352,13.0,4.333333333333333,10.333333333333334,5.666666666666667,11.666666666666666,11.333333333333334,18.0,12.0,17.333333333333332
353,17.0,4.0,9.666666666666666,4.0,8.0,13.0,18.0,23.333333333333332,16.666666666666668
354,6.0,4.333333333333333,9.0,7.0,14.333333333333334,14.666666666666666,13.666666666666666,16.0,24.0
355,9.0,6.0,10.666666666666666,9.0,10.333333333333334,25.666666666666668,25.333333333333332,19.666666666666668,22.333333333333332
356,6.0,2.6666666666666665,8.333333333333334,2.0,10.333333333333334,16.0,12.0,11.333333333333334,9.666666666666666
357,6.0,5.666666666666667,9.666666666666666,5.666666666666667,9.0,23.666666666666668,17.333333333333332,16.666666666666668,17.0
358,8.0,4.0,10.333333333333334,3.3333333333333335,7.0,11.666666666666666,15.333333333333334,19.666666666666668,25.333333333333332
359,10.0,7.666666666666667,10.666666666666666,4.666666666666667,10.333333333333334,12.666666666666666,17.666666666666668,12.0,22.0
360,7.0,4.666666666666667,9.666666666666666,4.0,8.666666666666666,9.666666666666666,17.333333333333332,18.666666666666668,15.333333333333334
361,12.0,6.333333333333333,11.0,4.0,9.333333333333334,23.666666666666668,18.666666666666668,15.666666666666666,14.333333333333334
362,7.0,6.666666666666667,12.666666666666666,8.333333333333334,10.333333333333334,14.666666666666666,19.333333333333332,23.333333333333332,22.333333333333332
363,8.0,6.0,12.333333333333334,3.3333333333333335,7.0,15.666666666666666,21.333333333333332,11.666666666666666,10.333333333333334
364,9.0,8.0,11.666666666666666,5.0,10.333333333333334,17.333333333333332,19.0,25.666666666666668,19.333333333333332
365,7.0,4.333333333333333,10.666666666666666,3.3333333333333335,8.0,7.333333333333333,15.666666666666666,19.666666666666668,29.666666666666668
366,10.0,5.333333333333333,8.333333333333334,3.3333333333333335,8.666666666666666,13.0,11.666666666666666,7.666666666666667,16.0
367,7.0,5.0,12.666666666666666,6.0,9.666666666666666,11.333333333333334,18.0,19.666666666666668,18.0
368,10.0,1.6666666666666667,10.0,5.333333333333333,12.0,9.0,9.666666666666666,10.333333333333334,23.0
369,11.0,6.333333333333333,12.333333333333334,4.333333333333333,7.333333333333333,13.0,19.333333333333332,12.333333333333334,16.333333333333332
370,11.0,4.0,8.666666666666666,7.333333333333333,13.333333333333334,13.666666666666666,14.333333333333334,14.0,25.0
371,15.0,3.3333333333333335,7.0,7.666666666666667,11.0,14.666666666666666,12.0,17.333333333333332,24.333333333333332
372,10.0,6.333333333333333,8.666666666666666,3.6666666666666665,8.333333333333334,24.0,20.666666666666668,10.666666666666666,16.0
373,8.0,4.0,7.666666666666667,4.666666666666667,11.0,17.666666666666668,29.0,10.666666666666666,18.666666666666668
374,12.0,4.0,8.0,6.333333333333333,11.666666666666666,12.666666666666666,18.0,21.666666666666668,19.0
375,5.0,4.0,7.666666666666667,2.3333333333333335,9.333333333333334,11.333333333333334,15.333333333333334,8.666666666666666,14.0
376,9.0,3.0,8.0,3.6666666666666665,11.0,12.0,10.666666666666666,14.0,12.666666666666666
377,12.0,3.6666666666666665,9.333333333333334,3.6666666666666665,8.333333333333334,11.666666666666666,13.0,16.333333333333332,13.0
378,8.0,7.333333333333333,9.333333333333334,4.0,9.333333333333334,18.0,20.666666666666668,10.333333333333334,14.666666666666666
379,9.0,4.666666666666667,9.0,5.666666666666667,10.0,10.333333333333334,27.666666666666668,16.333333333333332,13.333333333333334
380,13.0,3.6666666666666665,8.0,3.6666666666666665,9.333333333333334,18.0,15.333333333333334,5.0,12.333333333333334
381,7.0,3.0,7.666666666666667,8.666666666666666,13.666666666666666,12.0,17.666666666666668,22.666666666666668,17.666666666666668
382,7.0,3.3333333333333335,8.666666666666666,6.666666666666667,12.0,11.666666666666666,21.333333333333332,14.333333333333334,18.333333333333332
383,3.0,6.333333333333333,8.666666666666666,4.333333333333333,10.666666666666666,22.333333333333332,20.666666666666668,14.0,19.0
384,9.0,4.0,8.333333333333334,7.0,9.333333333333334,14.666666666666666,12.666666666666666,14.0,16.333333333333332
385,9.0,6.0,9.333333333333334,5.666666666666667,10.0,20.333333333333332,16.0,14.333333333333334,17.0
386,9.0,2.0,6.333333333333333,3.3333333333333335,9.666666666666666,9.666666666666666,13.666666666666666,14.333333333333334,15.0
387,12.0,5.0,9.666666666666666,3.6666666666666665,7.666666666666667,12.0,16.333333333333332,15.0,14.0
388,13.0,6.666666666666667,13.0,3.6666666666666665,10.333333333333334,17.333333333333332,23.333333333333332,17.666666666666668,12.333333333333334
389,7.0,3.6666666666666665,7.666666666666667,3.6666666666666665,8.0,13.333333333333334,24.333333333333332,13.666666666666666,16.0
390,10.0,2.3333333333333335,9.666666666666666,2.6666666666666665,7.0,14.666666666666666,10.333333333333334,10.0,12.333333333333334
391,8.0,5.333333333333333,8.0,3.0,8.666666666666666,14.0,16.666666666666668,13.666666666666666,18.0
392,14.0,3.6666666666666665,8.333333333333334,4.666666666666667,7.333333333333333,13.333333333333334,21.0,10.666666666666666,20.333333333333332
393,7.0,3.6666666666666665,8.333333333333334,7.333333333333333,10.333333333333334,15.333333333333334,20.0,25.0,19.0
394,9.0,4.0,9.333333333333334,7.666666666666667,11.666666666666666,8.333333333333334,12.333333333333334,22.333333333333332,27.333333333333332
395,13.0,5.333333333333333,10.0,2.3333333333333335,8.0,14.0,16.0,14.666666666666666,17.0
396,3.0,7.0,10.333333333333334,4.333333333333333,6.666666666666667,21.666666666666668,14.666666666666666,24.333333333333332,19.333333333333332
397,15.0,4.0,8.333333333333334,4.0,9.333333333333334,16.0,17.333333333333332,12.666666666666666,13.0
398,11.0,6.0,11.0,8.0,10.666666666666666,12.666666666666666,16.333333333333332,14.0,23.666666666666668
399,9.0,2.6666666666666665,11.333333333333334,4.0,9.666666666666666,10.666666666666666,9.333333333333334,21.666666666666668,17.333333333333332
400,10.0,5.0,11.0,5.333333333333333,7.333333333333333,10.333333333333334,16.0,24.0,14.333333333333334
401,10.0,5.666666666666667,10.333333333333334,4.333333333333333,10.0,21.666666666666668,15.333333333333334,14.0,20.333333333333332
402,15.0,8.333333333333334,11.333333333333334,5.333333333333333,8.333333333333334,14.333333333333334,20.0,15.666666666666666,22.666666666666668
403,11.0,3.6666666666666665,8.0,5.333333333333333,11.666666666666666,8.666666666666666,12.333333333333334,20.666666666666668,17.0
404,7.0,4.666666666666667,9.666666666666666,4.666666666666667,8.333333333333334,14.0,21.333333333333332,19.666666666666668,25.666666666666668
405,8.0,4.0,10.0,4.333333333333333,9.666666666666666,13.666666666666666,16.666666666666668,15.333333333333334,21.0
406,13.0,3.3333333333333335,5.333333333333333,4.0,11.333333333333334,21.0,16.333333333333332,10.0,13.666666666666666
407,8.0,7.0,11.0,5.0,10.666666666666666,22.0,22.666666666666668,15.0,20.333333333333332
408,11.0,3.3333333333333335,8.0,4.333333333333333,10.0,13.0,13.666666666666666,12.0,11.666666666666666
409,11.0,4.0,9.0,4.0,10.333333333333334,22.666666666666668,20.666666666666668,12.333333333333334,10.0
410,10.0,5.333333333333333,11.0,5.0,10.0,13.333333333333334,17.333333333333332,9.666666666666666,13.666666666666666
411,6.0,4.666666666666667,7.666666666666667,7.0,10.0,22.0,25.666666666666668,26.333333333333332,25.0
412,7.0,4.333333333333333,10.666666666666666,4.333333333333333,6.333333333333333,14.333333333333334,22.666666666666668,18.666666666666668,17.333333333333332
413,23.0,4.333333333333333,10.666666666666666,3.6666666666666665,9.333333333333334,10.0,17.0,14.333333333333334,17.0
414,10.0,5.333333333333333,6.666666666666667,3.3333333333333335,8.666666666666666,23.333333333333332,16.666666666666668,10.666666666666666,12.333333333333334
415,14.0,4.0,11.0,5.333333333333333,8.666666666666666,10.333333333333334,8.666666666666666,20.333333333333332,15.333333333333334
416,6.0,4.666666666666667,10.333333333333334,3.3333333333333335,11.333333333333334,27.0,15.666666666666666,7.666666666666667,10.666666666666666
417,12.0,3.0,9.333333333333334,5.666666666666667,11.0,15.0,18.0,15.333333333333334,22.333333333333332
418,11.0,4.0,11.666666666666666,4.0,9.333333333333334,9.0,17.666666666666668,21.333333333333332,15.0
419,10.0,5.666666666666667,8.333333333333334,10.333333333333334,12.666666666666666,18.666666666666668,24.333333333333332,17.666666666666668,29.0
420,9.0,6.0,10.666666666666666,6.333333333333333,10.333333333333334,17.666666666666668,22.0,17.333333333333332,16.333333333333332
421,12.0,4.333333333333333,10.0,4.333333333333333,7.666666666666667,27.666666666666668,19.0,24.0,22.0
422,12.0,3.6666666666666665,9.666666666666666,4.666666666666667,6.666666666666667,8.0,15.666666666666666,22.333333333333332,21.0
423,12.0,5.666666666666667,7.666666666666667,4.0,10.666666666666666,22.666666666666668,16.666666666666668,21.666666666666668,12.333333333333334
424,10.0,8.333333333333334,16.0,5.666666666666667,10.0,9.666666666666666,21.0,14.666666666666666,20.0
425,12.0,3.0,10.333333333333334,4.666666666666667,10.333333333333334,8.333333333333334,10.0,24.333333333333332,24.333333333333332
426,11.0,6.0,14.666666666666666,5.0,11.0,16.0,19.333333333333332,13.333333333333334,22.666666666666668
427,10.0,5.0,7.666666666666667,4.666666666666667,10.666666666666666,12.0,16.0,12.666666666666666,18.0
428,7.0,4.0,10.0,5.333333333333333,11.666666666666666,13.333333333333334,21.333333333333332,11.666666666666666,12.333333333333334
429,11.0,3.6666666666666665,8.666666666666666,4.666666666666667,9.0,22.333333333333332,19.0,14.0,19.333333333333332
430,7.0,4.333333333333333,10.333333333333334,6.666666666666667,14.333333333333334,12.666666666666666,15.666666666666666,9.333333333333334,15.666666666666666
431,7.0,7.0,11.0,8.333333333333334,10.666666666666666,15.0,17.0,21.666666666666668,17.333333333333332
432,12.0,4.333333333333333,8.333333333333334,5.0,9.666666666666666,18.0,17.333333333333332,21.0,18.666666666666668
433,13.0,5.666666666666667,11.0,9.0,12.0,13.0,19.666666666666668,14.0,28.666666666666668
434,12.0,4.0,10.666666666666666,5.666666666666667,14.0,12.333333333333334,14.0,15.333333333333334,22.0
435,14.0,4.666666666666667,11.666666666666666,3.6666666666666665,9.666666666666666,18.333333333333332,23.666666666666668,9.333333333333334,15.333333333333334
436,14.0,3.3333333333333335,10.0,5.666666666666667,10.0,19.666666666666668,8.333333333333334,14.0,19.0
437,11.0,6.666666666666667,10.333333333333334,2.0,9.333333333333334,14.666666666666666,20.666666666666668,6.333333333333333,5.0
438,17.0,6.666666666666667,10.666666666666666,5.333333333333333,11.0,25.333333333333332,30.666666666666668,10.666666666666666,19.333333333333332
439,11.0,5.0,11.666666666666666,5.666666666666667,10.0,13.666666666666666,19.333333333333332,15.0,24.333333333333332
440,15.0,6.0,9.666666666666666,7.0,13.333333333333334,15.333333333333334,11.0,13.333333333333334,21.0
441,9.0,10.0,13.666666666666666,5.333333333333333,11.0,28.666666666666668,39.0,11.333333333333334,16.333333333333332
442,9.0,4.666666666666667,12.333333333333334,4.333333333333333,9.333333333333334,9.666666666666666,10.666666666666666,11.666666666666666,14.666666666666666
443,11.0,3.6666666666666665,9.666666666666666,4.666666666666667,9.333333333333334,17.333333333333332,19.0,13.666666666666666,18.666666666666668
444,10.0,6.666666666666667,12.0,4.666666666666667,10.0,20.666666666666668,23.666666666666668,13.666666666666666,16.0
445,11.0,5.0,10.333333333333334,4.333333333333333,9.666666666666666,14.666666666666666,21.666666666666668,12.666666666666666,10.666666666666666
446,8.0,4.666666666666667,10.0,5.666666666666667,10.333333333333334,11.0,19.333333333333332,15.333333333333334,17.333333333333332
447,11.0,9.0,12.666666666666666,5.333333333333333,13.0,14.0,33.0,11.666666666666666,21.333333333333332
448,9.0,6.333333333333333,15.333333333333334,5.666666666666667,10.0,11.0,20.333333333333332,11.0,12.333333333333334
449,9.0,4.333333333333333,9.666666666666666,6.333333333333333,11.666666666666666,14.0,13.333333333333334,25.666666666666668,27.0
450,7.0,5.333333333333333,11.333333333333334,8.0,12.666666666666666,12.666666666666666,17.0,17.0,31.0
451,11.0,3.6666666666666665,9.333333333333334,3.3333333333333335,11.666666666666666,12.333333333333334,17.0,9.333333333333334,11.333333333333334
452,12.0,6.0,9.333333333333334,8.333333333333334,11.333333333333334,11.666666666666666,20.333333333333332,26.666666666666668,18.0
453,16.0,5.666666666666667,10.0,5.333333333333333,10.666666666666666,11.0,17.666666666666668,12.0,18.333333333333332
454,24.0,3.6666666666666665,8.333333333333334,5.333333333333333,11.333333333333334,10.666666666666666,8.0,18.0,25.666666666666668
455,8.0,4.666666666666667,11.333333333333334,6.0,11.666666666666666,11.333333333333334,11.666666666666666,18.333333333333332,20.0
456,8.0,3.0,10.666666666666666,8.333333333333334,11.333333333333334,10.666666666666666,14.333333333333334,11.666666666666666,28.333333333333332
457,9.0,6.666666666666667,11.666666666666666,5.333333333333333,9.333333333333334,14.333333333333334,27.0,17.333333333333332,24.666666666666668
458,8.0,4.333333333333333,13.333333333333334,5.333333333333333,11.333333333333334,12.666666666666666,19.0,13.0,21.333333333333332
459,9.0,5.333333333333333,11.333333333333334,7.0,11.0,11.666666666666666,16.333333333333332,12.0,22.666666666666668
460,8.0,4.0,12.333333333333334,5.333333333333333,9.666666666666666,10.333333333333334,14.0,11.666666666666666,17.0
461,10.0,7.333333333333333,11.333333333333334,3.3333333333333335,9.666666666666666,25.333333333333332,17.333333333333332,15.0,17.666666666666668
462,8.0,8.333333333333334,10.666666666666666,4.0,9.333333333333334,18.333333333333332,27.333333333333332,12.0,13.333333333333334
463,16.0,6.0,11.0,5.666666666666667,10.666666666666666,16.666666666666668,22.666666666666668,15.0,28.333333333333332
464,5.0,5.333333333333333,10.666666666666666,6.0,13.333333333333334,16.666666666666668,15.0,12.0,8.666666666666666
465,10.0,6.333333333333333,11.333333333333334,2.0,10.0,27.333333333333332,24.0,10.333333333333334,13.0
466,11.0,5.666666666666667,10.666666666666666,5.333333333333333,10.0,13.666666666666666,20.333333333333332,20.666666666666668,17.333333333333332
467,9.0,5.0,9.333333333333334,9.0,13.0,15.333333333333334,24.666666666666668,19.666666666666668,24.333333333333332
468,16.0,8.333333333333334,15.333333333333334,2.0,12.0,20.0,33.0,9.666666666666666,15.333333333333334
469,15.0,6.666666666666667,12.0,7.0,9.0,17.333333333333332,29.0,19.333333333333332,23.666666666666668
470,7.0,4.0,8.333333333333334,4.0,7.666666666666667,11.666666666666666,17.666666666666668,17.666666666666668,17.0
471,7.0,5.333333333333333,10.0,4.666666666666667,8.666666666666666,12.333333333333334,20.333333333333332,17.666666666666668,26.0
472,13.0,2.0,11.0,8.0,17.0,4.666666666666667,9.666666666666666,16.666666666666668,28.0
473,4.0,4.666666666666667,12.666666666666666,7.0,10.0,11.333333333333334,9.0,16.666666666666668,23.0
474,9.0,8.666666666666666,11.333333333333334,4.0,10.666666666666666,20.333333333333332,24.0,12.666666666666666,15.333333333333334
475,8.0,4.666666666666667,11.666666666666666,4.333333333333333,11.0,10.0,21.666666666666668,15.0,13.666666666666666
476,17.0,3.0,10.666666666666666,6.0,10.0,15.0,17.333333333333332,35.333333333333336,24.666666666666668
477,9.0,4.333333333333333,8.333333333333334,4.0,8.333333333333334,13.666666666666666,15.666666666666666,15.0,23.0
478,15.0,4.333333333333333,11.0,5.0,10.333333333333334,14.666666666666666,12.333333333333334,20.666666666666668,21.0
479,8.0,2.3333333333333335,10.333333333333334,4.666666666666667,10.666666666666666,6.0,13.666666666666666,16.0,16.0
480,8.0,3.6666666666666665,10.0,9.0,17.666666666666668,15.333333333333334,13.333333333333334,19.0,25.333333333333332
481,9.0,3.6666666666666665,8.0,4.0,10.666666666666666,10.666666666666666,17.333333333333332,15.666666666666666,15.666666666666666
482,12.0,7.666666666666667,11.333333333333334,6.0,7.666666666666667,24.333333333333332,25.666666666666668,17.666666666666668,21.0
483,9.0,3.3333333333333335,12.666666666666666,4.333333333333333,6.666666666666667,14.666666666666666,18.333333333333332,18.0,20.333333333333332
484,8.0,8.333333333333334,13.333333333333334,8.666666666666666,12.333333333333334,16.0,26.666666666666668,30.666666666666668,17.333333333333332
485,11.0,4.333333333333333,9.333333333333334,7.666666666666667,12.0,14.0,18.333333333333332,28.0,27.666666666666668
486,7.0,5.333333333333333,8.333333333333334,3.6666666666666665,12.0,20.333333333333332,19.333333333333332,10.333333333333334,18.333333333333332
487,11.0,6.0,9.0,4.0,8.0,18.666666666666668,18.333333333333332,15.333333333333334,18.0
488,7.0,5.333333333333333,10.666666666666666,2.3333333333333335,8.0,10.666666666666666,21.333333333333332,16.333333333333332,14.0
489,11.0,3.3333333333333335,9.0,5.333333333333333,9.666666666666666,18.0,12.666666666666666,12.333333333333334,18.666666666666668
490,12.0,5.333333333333333,10.0,4.666666666666667,10.0,21.333333333333332,9.333333333333334,19.0,19.666666666666668
491,10.0,5.333333333333333,11.0,3.0,8.0,17.333333333333332,16.666666666666668,13.333333333333334,17.0
492,7.0,6.333333333333333,12.333333333333334,4.666666666666667,11.0,17.0,21.333333333333332,15.333333333333334,20.333333333333332
493,13.0,6.666666666666667,10.333333333333334,8.333333333333334,13.0,15.333333333333334,22.0,20.333333333333332,26.666666666666668
494,11.0,4.0,8.333333333333334,6.0,10.333333333333334,16.333333333333332,20.666666666666668,11.666666666666666,20.666666666666668
495,11.0,5.0,9.0,3.0,10.333333333333334,18.333333333333332,17.0,9.333333333333334,17.333333333333332
496,7.0,5.333333333333333,7.0,2.6666666666666665,9.0,14.0,23.333333333333332,11.666666666666666,11.666666666666666
497,12.0,5.333333333333333,8.0,3.6666666666666665,10.0,23.333333333333332,22.333333333333332,10.333333333333334,12.0
498,12.0,6.0,10.0,2.6666666666666665,8.666666666666666,25.666666666666668,13.0,15.333333333333334,11.0
499,10.0,9.666666666666666,12.666666666666666,3.6666666666666665,8.666666666666666,23.0,38.333333333333336,19.666666666666668,18.666666666666668
500,9.0,5.333333333333333,9.0,3.3333333333333335,11.0,26.0,19.666666666666668,8.666666666666666,16.333333333333332
501,4.0,4.666666666666667,9.0,2.0,10.666666666666666,16.333333333333332,22.666666666666668,11.333333333333334,14.666666666666666
502,9.0,4.333333333333333,7.666666666666667,9.333333333333334,12.0,15.333333333333334,20.666666666666668,21.0,25.333333333333332
503,18.0,7.333333333333333,10.666666666666666,6.0,12.666666666666666,23.666666666666668,19.0,17.0,21.0
504,10.0,4.0,11.0,4.0,10.666666666666666,10.333333333333334,18.333333333333332,13.666666666666666,16.333333333333332
505,12.0,9.666666666666666,12.666666666666666,3.3333333333333335,8.666666666666666,19.333333333333332,34.0,13.666666666666666,18.0
506,8.0,5.333333333333333,16.0,2.3333333333333335,8.333333333333334,15.666666666666666,17.666666666666668,10.666666666666666,13.666666666666666
507,11.0,1.3333333333333333,7.666666666666667,11.666666666666666,14.0,13.333333333333334,14.333333333333334,28.333333333333332,26.0
508,9.0,3.3333333333333335,8.333333333333334,6.333333333333333,9.0,13.333333333333334,13.333333333333334,31.333333333333332,24.0
509,13.0,2.6666666666666665,8.0,6.666666666666667,9.333333333333334,10.666666666666666,17.666666666666668,21.0,27.0
510,7.0,2.3333333333333335,10.333333333333334,4.666666666666667,8.0,14.666666666666666,8.333333333333334,17.333333333333332,24.666666666666668
511,10.0,3.6666666666666665,10.333333333333334,2.6666666666666665,11.333333333333334,12.333333333333334,16.0,11.666666666666666,15.333333333333334
512,6.0,2.3333333333333335,10.0,5.333333333333333,13.666666666666666,15.0,17.333333333333332,16.333333333333332,16.666666666666668
513,13.0,6.666666666666667,10.0,8.0,11.333333333333334,21.666666666666668,21.333333333333332,20.666666666666668,23.666666666666668
514,9.0,5.0,9.0,5.333333333333333,9.333333333333334,14.666666666666666,20.0,22.666666666666668,22.0
515,16.0,4.333333333333333,9.333333333333334,4.666666666666667,8.333333333333334,16.666666666666668,18.666666666666668,15.0,18.0
516,3.0,5.333333333333333,10.333333333333334,9.666666666666666,11.0,10.333333333333334,14.0,26.333333333333332,35.0
517,5.0,1.3333333333333333,8.666666666666666,1.0,11.0,9.333333333333334,10.666666666666666,11.0,12.333333333333334
518,8.0,3.3333333333333335,9.0,3.3333333333333335,10.666666666666666,12.0,13.333333333333334,14.333333333333334,15.0
519,10.0,11.666666666666666,13.666666666666666,4.0,9.333333333333334,32.0,24.666666666666668,16.333333333333332,17.666666666666668
520,19.0,5.0,12.0,5.0,10.0,16.333333333333332,21.666666666666668,13.0,22.333333333333332
521,7.0,2.3333333333333335,9.666666666666666,6.0,11.666666666666666,18.333333333333332,10.666666666666666,16.0,21.0
522,11.0,6.333333333333333,9.333333333333334,6.0,9.666666666666666,30.333333333333332,22.333333333333332,20.0,20.666666666666668
523,10.0,4.666666666666667,7.333333333333333,7.0,8.333333333333334,17.0,22.333333333333332,35.0,24.666666666666668
524,9.0,6.333333333333333,10.666666666666666,4.666666666666667,9.333333333333334,15.0,18.0,15.0,21.333333333333332
525,6.0,9.0,11.666666666666666,2.0,9.666666666666666,28.0,27.0,12.666666666666666,18.666666666666668
526,11.0,5.333333333333333,9.666666666666666,4.666666666666667,8.666666666666666,13.333333333333334,21.0,13.666666666666666,13.0
527,15.0,6.0,10.333333333333334,5.333333333333333,9.666666666666666,10.666666666666666,20.666666666666668,25.666666666666668,18.0
528,11.0,2.3333333333333335,10.333333333333334,2.0,6.666666666666667,9.0,10.666666666666666,14.0,14.333333333333334
529,10.0,8.333333333333334,13.333333333333334,1.6666666666666667,8.666666666666666,13.333333333333334,29.0,19.666666666666668,9.333333333333334
530,8.0,7.333333333333333,10.0,5.333333333333333,8.0,27.333333333333332,25.0,16.333333333333332,20.0
531,10.0,3.0,7.333333333333333,4.333333333333333,7.0,15.666666666666666,16.0,15.666666666666666,19.0
532,8.0,6.0,8.333333333333334,7.0,9.333333333333334,34.666666666666664,21.666666666666668,15.0,24.666666666666668
533,8.0,4.333333333333333,9.666666666666666,5.666666666666667,15.333333333333334,13.666666666666666,16.333333333333332,17.666666666666668,22.333333333333332
534,7.0,1.6666666666666667,8.333333333333334,7.333333333333333,11.333333333333334,12.666666666666666,14.666666666666666,12.333333333333334,17.666666666666668
535,4.0,1.3333333333333333,8.0,11.333333333333334,13.0,11.333333333333334,13.0,31.666666666666668,22.0
536,9.0,3.3333333333333335,8.666666666666666,6.333333333333333,9.333333333333334,15.0,11.0,32.333333333333336,21.666666666666668
537,10.0,4.0,8.0,5.0,11.666666666666666,15.333333333333334,18.333333333333332,19.333333333333332,13.333333333333334
538,15.0,1.6666666666666667,5.333333333333333,7.333333333333333,9.666666666666666,7.333333333333333,13.0,16.0,24.0
539,10.0,2.6666666666666665,7.333333333333333,4.333333333333333,9.0,14.666666666666666,18.0,16.333333333333332,16.333333333333332
540,7.0,10.0,14.0,4.666666666666667,8.333333333333334,18.666666666666668,29.333333333333332,12.666666666666666,15.666666666666666
541,6.0,6.333333333333333,9.333333333333334,4.333333333333333,14.333333333333334,35.666666666666664,23.0,15.333333333333334,19.666666666666668
542,7.0,3.6666666666666665,7.0,7.0,8.333333333333334,30.0,17.333333333333332,29.666666666666668,15.666666666666666
543,9.0,3.6666666666666665,10.0,7.666666666666667,9.333333333333334,9.0,12.333333333333334,36.333333333333336,23.0
544,8.0,1.6666666666666667,7.666666666666667,2.3333333333333335,9.0,18.666666666666668,10.333333333333334,13.333333333333334,14.666666666666666
545,10.0,5.333333333333333,11.666666666666666,6.0,10.666666666666666,13.333333333333334,19.333333333333332,10.666666666666666,14.333333333333334
546,8.0,5.0,10.0,1.6666666666666667,8.0,14.333333333333334,15.0,21.0,10.333333333333334
547,14.0,3.0,8.666666666666666,5.0,8.333333333333334,13.666666666666666,11.333333333333334,26.333333333333332,20.333333333333332
548,11.0,1.6666666666666667,8.333333333333334,3.6666666666666665,8.333333333333334,16.666666666666668,7.666666666666667,12.666666666666666,16.666666666666668
549,6.0,4.666666666666667,7.0,4.0,9.333333333333334,22.666666666666668,12.333333333333334,15.666666666666666,15.333333333333334
550,11.0,6.333333333333333,11.333333333333334,3.6666666666666665,9.333333333333334,11.666666666666666,17.333333333333332,15.666666666666666,13.666666666666666
551,10.0,5.666666666666667,7.666666666666667,7.666666666666667,10.666666666666666,14.333333333333334,19.333333333333332,15.666666666666666,24.666666666666668
552,9.0,1.3333333333333333,8.0,5.666666666666667,8.333333333333334,15.333333333333334,15.0,30.0,22.666666666666668
553,9.0,3.0,11.0,5.0,7.333333333333333,13.0,17.333333333333332,15.0,20.333333333333332
554,9.0,5.666666666666667,12.0,5.333333333333333,8.333333333333334,19.0,21.333333333333332,17.0,16.333333333333332
555,15.0,6.333333333333333,8.0,7.0,12.0,28.333333333333332,15.666666666666666,15.333333333333334,22.666666666666668
556,14.0,4.0,10.0,3.3333333333333335,10.0,17.0,17.666666666666668,12.333333333333334,13.0
557,10.0,2.3333333333333335,7.666666666666667,2.6666666666666665,5.666666666666667,13.0,16.0,21.333333333333332,8.666666666666666
558,10.0,4.333333333333333,10.0,5.333333333333333,8.666666666666666,14.333333333333334,17.666666666666668,20.333333333333332,19.333333333333332
559,16.0,7.666666666666667,11.666666666666666,5.666666666666667,8.333333333333334,16.333333333333332,22.666666666666668,17.333333333333332,19.0
560,9.0,4.666666666666667,8.333333333333334,8.333333333333334,11.0,10.0,15.0,22.0,18.666666666666668
561,9.0,7.666666666666667,9.666666666666666,2.0,8.333333333333334,24.0,26.333333333333332,12.666666666666666,16.0
562,10.0,5.333333333333333,9.666666666666666,5.666666666666667,11.333333333333334,17.0,15.666666666666666,17.0,20.666666666666668
563,10.0,5.666666666666667,12.0,2.0,9.333333333333334,18.0,21.333333333333332,9.333333333333334,14.0
564,12.0,4.333333333333333,11.333333333333334,4.0,7.666666666666667,14.0,15.333333333333334,15.333333333333334,13.0
565,15.0,4.0,10.333333333333334,2.0,10.333333333333334,15.666666666666666,13.333333333333334,11.333333333333334,8.666666666666666
566,4.0,5.666666666666667,11.333333333333334,5.0,7.666666666666667,15.0,20.333333333333332,19.666666666666668,13.0
567,10.0,5.0,7.666666666666667,4.666666666666667,10.666666666666666,30.333333333333332,25.0,14.0,18.0
568,13.0,6.333333333333333,11.333333333333334,3.6666666666666665,9.666666666666666,14.333333333333334,16.333333333333332,14.333333333333334,16.333333333333332
569,6.0,6.333333333333333,11.0,4.666666666666667,8.666666666666666,12.666666666666666,18.0,12.0,16.333333333333332
570,6.0,5.666666666666667,6.666666666666667,5.0,12.0,24.333333333333332,13.333333333333334,10.333333333333334,14.333333333333334
571,12.0,5.333333333333333,10.333333333333334,4.0,12.0,10.0,15.666666666666666,17.333333333333332,15.0
572,8.0,3.0,10.666666666666666,7.0,12.0,7.666666666666667,11.666666666666666,9.666666666666666,18.0
573,11.0,3.0,9.0,9.666666666666666,13.0,7.0,12.333333333333334,22.0,24.0
574,9.0,4.0,13.0,4.0,7.666666666666667,14.666666666666666,10.333333333333334,12.666666666666666,21.0
575,4.0,3.3333333333333335,10.666666666666666,5.0,9.666666666666666,11.0,15.333333333333334,17.666666666666668,17.0
576,7.0,8.0,11.0,5.333333333333333,8.333333333333334,17.333333333333332,17.333333333333332,25.333333333333332,23.0
577,7.0,4.0,11.0,8.333333333333334,10.0,12.333333333333334,16.0,23.666666666666668,27.0
578,7.0,5.666666666666667,8.666666666666666,4.666666666666667,10.333333333333334,15.0,19.333333333333332,17.333333333333332,19.0
579,14.0,2.3333333333333335,9.333333333333334,3.6666666666666665,8.333333333333334,12.333333333333334,13.666666666666666,8.666666666666666,11.333333333333334
580,12.0,5.666666666666667,6.666666666666667,6.0,11.333333333333334,27.333333333333332,15.666666666666666,9.333333333333334,17.666666666666668
581,9.0,5.0,10.333333333333334,4.666666666666667,12.666666666666666,14.666666666666666,19.333333333333332,15.0,16.0
582,13.0,4.666666666666667,9.0,4.0,12.666666666666666,17.0,21.333333333333332,14.333333333333334,9.333333333333334
583,10.0,2.6666666666666665,9.333333333333334,5.0,8.666666666666666,9.0,15.666666666666666,24.333333333333332,20.0
584,5.0,4.666666666666667,8.0,4.0,8.333333333333334,15.0,18.666666666666668,15.0,16.0
585,7.0,7.333333333333333,10.0,6.333333333333333,10.333333333333334,22.0,24.666666666666668,22.666666666666668,18.0
586,6.0,5.333333333333333,10.0,2.0,11.0,7.333333333333333,12.666666666666666,7.333333333333333,11.0
587,10.0,3.3333333333333335,8.666666666666666,5.666666666666667,9.666666666666666,10.333333333333334,13.333333333333334,8.0,15.0
588,8.0,6.333333333333333,12.0,4.666666666666667,12.0,13.666666666666666,27.666666666666668,6.666666666666667,13.666666666666666
589,12.0,8.666666666666666,11.666666666666666,6.0,12.333333333333334,23.0,25.0,18.333333333333332,13.666666666666666
590,5.0,4.666666666666667,10.0,4.0,7.333333333333333,16.666666666666668,22.0,12.333333333333334,14.666666666666666
591,16.0,5.0,9.0,4.0,11.0,12.333333333333334,16.333333333333332,12.0,15.333333333333334
592,8.0,5.666666666666667,7.333333333333333,5.333333333333333,9.0,31.333333333333332,16.0,28.0,18.0
593,13.0,5.0,7.666666666666667,4.333333333333333,6.333333333333333,20.666666666666668,19.333333333333332,19.666666666666668,21.666666666666668
594,6.0,3.6666666666666665,8.0,1.6666666666666667,9.0,16.0,15.0,10.666666666666666,9.666666666666666
595,10.0,3.6666666666666665,7.666666666666667,3.0,9.666666666666666,21.0,14.333333333333334,9.0,12.0
596,12.0,4.666666666666667,10.666666666666666,6.0,11.333333333333334,8.666666666666666,13.666666666666666,14.333333333333334,19.0
597,10.0,6.666666666666667,8.666666666666666,5.666666666666667,10.0,33.666666666666664,20.666666666666668,7.333333333333333,15.666666666666666
598,4.0,4.666666666666667,11.333333333333334,5.666666666666667,9.666666666666666,11.666666666666666,16.666666666666668,8.333333333333334,25.333333333333332
599,11.0,3.3333333333333335,10.0,3.6666666666666665,8.333333333333334,9.0,13.0,14.333333333333334,20.0
600,6.0,3.6666666666666665,7.333333333333333,7.0,10.0,17.666666666666668,20.0,36.0,17.666666666666668
601,13.0,5.0,10.0,4.0,8.0,14.0,18.333333333333332,20.333333333333332,13.0
602,5.0,3.3333333333333335,6.666666666666667,6.333333333333333,11.0,12.666666666666666,13.666666666666666,17.333333333333332,24.333333333333332
603,9.0,3.6666666666666665,6.0,1.6666666666666667,6.0,14.666666666666666,17.0,14.333333333333334,9.333333333333334
604,10.0,5.333333333333333,11.333333333333334,4.333333333333333,8.666666666666666,15.333333333333334,13.666666666666666,14.666666666666666,16.0
605,9.0,6.0,11.333333333333334,7.666666666666667,12.0,7.0,13.0,20.333333333333332,22.666666666666668
606,8.0,4.0,8.333333333333334,4.333333333333333,10.0,20.333333333333332,14.0,7.333333333333333,13.666666666666666
607,5.0,3.3333333333333335,9.333333333333334,5.666666666666667,9.0,7.333333333333333,17.333333333333332,25.666666666666668,22.333333333333332
608,20.0,4.0,8.0,7.0,12.333333333333334,15.666666666666666,19.0,13.666666666666666,23.0
609,4.0,5.0,10.666666666666666,4.0,9.333333333333334,13.333333333333334,17.0,13.666666666666666,21.333333333333332
610,13.0,4.666666666666667,7.0,1.6666666666666667,6.666666666666667,10.0,28.0,13.0,9.666666666666666
611,8.0,3.3333333333333335,8.666666666666666,5.333333333333333,7.666666666666667,9.0,15.666666666666666,16.666666666666668,21.0
612,13.0,4.666666666666667,10.0,4.666666666666667,9.0,16.0,12.666666666666666,17.333333333333332,27.333333333333332
613,2.0,7.666666666666667,11.666666666666666,4.333333333333333,8.0,15.666666666666666,15.666666666666666,30.333333333333332,13.0
614,3.0,4.666666666666667,7.333333333333333,5.333333333333333,8.333333333333334,16.333333333333332,23.0,25.0,21.666666666666668
615,12.0,7.0,15.0,3.3333333333333335,9.666666666666666,9.0,20.333333333333332,11.666666666666666,12.0
616,10.0,3.3333333333333335,8.0,4.0,9.333333333333334,9.333333333333334,17.333333333333332,10.666666666666666,13.666666666666666
617,13.0,4.0,9.666666666666666,3.6666666666666665,9.666666666666666,13.0,12.333333333333334,12.333333333333334,17.333333333333332
618,11.0,4.666666666666667,8.666666666666666,4.666666666666667,8.333333333333334,22.333333333333332,15.333333333333334,14.333333333333334,14.666666666666666
619,8.0,4.0,8.333333333333334,7.0,13.0,11.0,21.666666666666668,11.666666666666666,19.333333333333332
620,7.0,4.333333333333333,9.0,4.0,7.0,15.0,19.333333333333332,11.666666666666666,12.333333333333334
621,6.0,2.6666666666666665,8.333333333333334,3.6666666666666665,9.333333333333334,10.0,20.0,10.666666666666666,17.666666666666668
622,7.0,7.0,11.333333333333334,3.3333333333333335,6.333333333333333,10.666666666666666,17.333333333333332,19.333333333333332,28.0
623,12.0,2.6666666666666665,6.0,6.666666666666667,15.0,28.666666666666668,12.0,11.0,19.0
624,7.0,4.333333333333333,7.0,3.6666666666666665,8.333333333333334,26.0,23.666666666666668,14.666666666666666,22.333333333333332
625,8.0,4.0,6.0,7.333333333333333,12.0,9.333333333333334,12.666666666666666,19.0,14.666666666666666
626,10.0,2.3333333333333335,7.333333333333333,5.333333333333333,8.0,13.333333333333334,17.333333333333332,13.0,11.333333333333334
627,16.0,4.333333333333333,9.666666666666666,3.3333333333333335,6.0,11.666666666666666,20.666666666666668,11.333333333333334,20.0
628,6.0,5.0,10.666666666666666,4.0,6.666666666666667,13.333333333333334,15.333333333333334,13.333333333333334,20.0
629,12.0,4.666666666666667,10.666666666666666,4.333333333333333,9.0,9.333333333333334,14.0,23.0,14.0
630,15.0,4.666666666666667,11.333333333333334,5.0,10.666666666666666,13.666666666666666,21.666666666666668,14.333333333333334,15.666666666666666
631,13.0,4.666666666666667,8.0,4.333333333333333,9.333333333333334,12.666666666666666,15.333333333333334,15.0,19.666666666666668
632,9.0,4.333333333333333,10.333333333333334,6.0,11.666666666666666,18.333333333333332,20.666666666666668,12.666666666666666,16.333333333333332
633,11.0,3.6666666666666665,10.0,2.0,8.0,10.0,17.0,10.666666666666666,13.666666666666666
634,6.0,3.6666666666666665,6.0,3.3333333333333335,9.333333333333334,23.333333333333332,26.666666666666668,12.333333333333334,11.333333333333334
635,12.0,3.3333333333333335,5.666666666666667,6.666666666666667,11.666666666666666,16.666666666666668,14.666666666666666,13.666666666666666,21.0
636,11.0,5.333333333333333,10.333333333333334,8.0,13.333333333333334,25.0,20.0,17.666666666666668,30.333333333333332
637,18.0,5.0,14.666666666666666,3.6666666666666665,5.0,11.0,14.666666666666666,17.0,18.0
638,3.0,7.666666666666667,11.333333333333334,6.333333333333333,9.333333333333334,26.0,19.333333333333332,13.333333333333334,14.666666666666666
639,10.0,4.333333333333333,10.333333333333334,6.666666666666667,12.333333333333334,12.666666666666666,14.0,15.0,21.0
640,12.0,3.0,9.333333333333334,4.0,6.666666666666667,11.666666666666666,17.666666666666668,34.333333333333336,21.333333333333332
641,10.0,6.333333333333333,7.333333333333333,3.3333333333333335,11.0,14.333333333333334,17.333333333333332,9.333333333333334,15.333333333333334
642,10.0,5.333333333333333,7.0,4.0,9.666666666666666,19.666666666666668,15.666666666666666,15.0,13.666666666666666
643,6.0,3.6666666666666665,9.0,6.0,8.0,11.0,16.333333333333332,23.666666666666668,18.0
644,9.0,5.666666666666667,9.333333333333334,4.333333333333333,12.333333333333334,19.333333333333332,19.666666666666668,12.666666666666666,18.333333333333332
645,14.0,4.0,8.0,6.333333333333333,9.0,14.666666666666666,18.333333333333332,9.666666666666666,14.333333333333334
646,13.0,3.6666666666666665,6.333333333333333,7.666666666666667,13.333333333333334,21.0,21.666666666666668,18.666666666666668,30.333333333333332
647,8.0,6.0,14.0,6.0,11.333333333333334,13.0,17.0,28.333333333333332,21.0
648,15.0,1.6666666666666667,9.0,3.6666666666666665,12.666666666666666,11.0,14.0,7.333333333333333,11.666666666666666
649,9.0,5.666666666666667,7.333333333333333,2.3333333333333335,6.666666666666667,14.666666666666666,15.666666666666666,9.333333333333334,10.333333333333334
650,10.0,7.0,12.666666666666666,7.666666666666667,9.666666666666666,10.0,18.666666666666668,20.666666666666668,19.333333333333332
651,9.0,4.0,10.666666666666666,4.0,11.333333333333334,15.333333333333334,12.0,15.666666666666666,20.333333333333332
652,8.0,2.0,8.0,7.0,8.666666666666666,12.333333333333334,10.0,44.0,24.666666666666668
653,9.0,3.3333333333333335,5.666666666666667,2.6666666666666665,9.0,26.333333333333332,15.0,12.333333333333334,15.0
654,11.0,8.333333333333334,10.0,5.0,12.666666666666666,11.666666666666666,16.333333333333332,12.666666666666666,16.0
655,12.0,5.0,10.333333333333334,2.3333333333333335,8.666666666666666,14.333333333333334,13.0,13.666666666666666,16.333333333333332
656,10.0,3.0,12.0,7.333333333333333,9.333333333333334,10.666666666666666,14.0,27.333333333333332,22.333333333333332
657,9.0,7.0,13.333333333333334,4.333333333333333,9.0,20.0,26.333333333333332,15.666666666666666,17.333333333333332
658,11.0,4.0,13.333333333333334,5.0,8.666666666666666,6.666666666666667,13.333333333333334,13.666666666666666,20.333333333333332
659,15.0,8.0,9.666666666666666,3.0,10.0,28.333333333333332,19.666666666666668,9.666666666666666,14.666666666666666
660,12.0,7.0,11.333333333333334,5.0,11.666666666666666,18.666666666666668,18.333333333333332,9.0,12.666666666666666
661,8.0,8.666666666666666,10.666666666666666,1.0,6.0,45.0,24.666666666666668,17.333333333333332,7.666666666666667
662,14.0,7.0,12.333333333333334,4.666666666666667,10.333333333333334,15.0,22.666666666666668,13.666666666666666,12.0
663,16.0,3.6666666666666665,10.666666666666666,1.3333333333333333,8.333333333333334,10.666666666666666,19.666666666666668,11.0,8.666666666666666
664,12.0,8.333333333333334,10.666666666666666,4.0,12.0,32.333333333333336,24.666666666666668,10.666666666666666,14.333333333333334
665,11.0,6.0,12.0,6.333333333333333,10.333333333333334,20.333333333333332,24.0,18.666666666666668,21.666666666666668
666,15.0,5.666666666666667,10.0,5.666666666666667,9.333333333333334,12.666666666666666,20.666666666666668,11.333333333333334,14.666666666666666
667,11.0,5.333333333333333,8.666666666666666,4.0,9.333333333333334,19.333333333333332,22.666666666666668,14.666666666666666,13.333333333333334
668,12.0,4.0,9.333333333333334,4.333333333333333,11.0,13.333333333333334,18.333333333333332,14.666666666666666,21.0
669,20.0,3.0,10.666666666666666,5.0,11.0,10.333333333333334,10.666666666666666,12.333333333333334,10.333333333333334
670,7.0,6.666666666666667,10.0,8.666666666666666,11.333333333333334,21.333333333333332,20.333333333333332,33.0,27.0
671,10.0,1.6666666666666667,7.666666666666667,6.666666666666667,10.666666666666666,16.666666666666668,8.0,28.666666666666668,20.0
672,10.0,7.333333333333333,11.666666666666666,4.0,10.0,20.666666666666668,24.0,12.0,14.333333333333334
673,10.0,5.0,8.666666666666666,7.333333333333333,13.0,18.333333333333332,16.666666666666668,22.666666666666668,20.0
674,9.0,4.0,11.333333333333334,7.666666666666667,9.333333333333334,7.333333333333333,16.333333333333332,31.333333333333332,18.0
675,6.0,6.333333333333333,13.333333333333334,4.333333333333333,8.666666666666666,15.0,15.0,24.333333333333332,27.0
676,14.0,4.666666666666667,11.333333333333334,6.333333333333333,11.0,13.666666666666666,19.666666666666668,16.666666666666668,23.333333333333332
677,11.0,5.333333333333333,14.0,5.666666666666667,11.0,11.333333333333334,12.666666666666666,14.666666666666666,20.333333333333332
678,22.0,5.0,12.666666666666666,6.0,10.333333333333334,13.333333333333334,18.666666666666668,21.0,17.333333333333332
679,13.0,5.666666666666667,12.0,8.0,13.0,16.0,13.666666666666666,20.333333333333332,24.333333333333332
680,15.0,3.3333333333333335,10.0,4.333333333333333,14.0,11.0,16.666666666666668,10.0,16.666666666666668
681,14.0,7.0,14.666666666666666,6.666666666666667,10.0,12.333333333333334,13.333333333333334,13.0,16.666666666666668
682,7.0,5.0,9.333333333333334,7.0,10.666666666666666,18.333333333333332,15.666666666666666,16.666666666666668,22.666666666666668
683,8.0,7.333333333333333,14.333333333333334,8.333333333333334,13.0,12.666666666666666,15.666666666666666,15.666666666666666,26.0
684,11.0,4.0,9.0,7.666666666666667,10.666666666666666,18.0,15.666666666666666,29.666666666666668,26.666666666666668
685,8.0,3.3333333333333335,10.666666666666666,5.666666666666667,8.333333333333334,18.333333333333332,9.666666666666666,27.333333333333332,18.666666666666668
686,13.0,8.666666666666666,16.666666666666668,4.666666666666667,10.666666666666666,14.333333333333334,18.0,21.0,14.0
687,13.0,6.666666666666667,15.0,4.0,8.666666666666666,13.333333333333334,21.666666666666668,25.0,29.333333333333332
688,19.0,6.0,12.0,6.333333333333333,13.0,13.333333333333334,19.333333333333332,21.0,19.0
689,7.0,4.333333333333333,11.333333333333334,5.0,14.333333333333334,7.0,15.0,11.666666666666666,17.0
690,9.0,7.333333333333333,13.0,7.0,11.666666666666666,17.333333333333332,16.666666666666668,15.666666666666666,19.0
691,13.0,5.0,11.666666666666666,8.333333333333334,14.666666666666666,15.0,19.0,22.666666666666668,21.666666666666668
692,15.0,6.0,11.0,6.666666666666667,12.0,20.333333333333332,21.666666666666668,18.0,18.333333333333332
693,11.0,6.666666666666667,12.0,6.666666666666667,15.666666666666666,12.0,20.333333333333332,14.0,23.0
694,14.0,4.666666666666667,11.666666666666666,4.333333333333333,9.666666666666666,18.666666666666668,17.0,22.333333333333332,10.666666666666666
695,11.0,7.0,11.0,5.666666666666667,9.666666666666666,18.666666666666668,17.333333333333332,20.333333333333332,20.333333333333332
696,15.0,8.0,15.0,7.0,15.666666666666666,21.333333333333332,18.333333333333332,12.333333333333334,22.333333333333332
697,12.0,4.666666666666667,8.333333333333334,6.333333333333333,14.666666666666666,19.333333333333332,15.0,15.333333333333334,21.0
698,9.0,4.666666666666667,10.0,5.0,10.333333333333334,15.666666666666666,18.666666666666668,7.333333333333333,13.333333333333334
699,5.0,5.333333333333333,10.0,7.333333333333333,13.0,23.666666666666668,29.0,14.666666666666666,15.333333333333334
700,17.0,3.6666666666666665,12.666666666666666,5.333333333333333,13.0,11.666666666666666,17.666666666666668,15.0,21.333333333333332
701,8.0,8.333333333333334,15.666666666666666,5.0,8.0,20.666666666666668,23.666666666666668,18.333333333333332,16.0
702,9.0,5.666666666666667,11.0,7.0,13.333333333333334,10.666666666666666,16.0,22.333333333333332,25.333333333333332
703,14.0,7.666666666666667,15.333333333333334,4.333333333333333,8.0,15.0,18.666666666666668,15.0,12.333333333333334
704,9.0,4.666666666666667,8.333333333333334,6.666666666666667,11.0,15.666666666666666,15.0,10.333333333333334,16.666666666666668
705,14.0,1.6666666666666667,7.666666666666667,11.333333333333334,16.666666666666668,9.666666666666666,10.666666666666666,23.666666666666668,24.666666666666668
706,6.0,3.0,7.0,4.666666666666667,11.333333333333334,10.333333333333334,17.333333333333332,18.333333333333332,12.666666666666666
707,13.0,7.0,14.666666666666666,3.6666666666666665,9.333333333333334,16.666666666666668,27.0,20.666666666666668,10.666666666666666
708,7.0,8.0,10.666666666666666,4.666666666666667,14.0,26.0,29.666666666666668,11.333333333333334,18.0
709,13.0,4.333333333333333,8.333333333333334,4.333333333333333,8.0,8.666666666666666,12.333333333333334,16.0,20.666666666666668
710,14.0,7.0,12.333333333333334,5.0,9.666666666666666,17.0,21.333333333333332,21.0,14.333333333333334
711,12.0,10.666666666666666,14.0,7.333333333333333,14.333333333333334,22.333333333333332,23.0,14.0,32.666666666666664
712,13.0,5.333333333333333,9.333333333333334,6.0,15.0,10.0,14.0,12.0,18.333333333333332
713,9.0,4.666666666666667,11.666666666666666,2.6666666666666665,6.333333333333333,17.333333333333332,12.666666666666666,9.666666666666666,16.333333333333332
714,7.0,3.6666666666666665,8.666666666666666,5.333333333333333,9.666666666666666,17.0,13.666666666666666,11.666666666666666,17.666666666666668
715,7.0,7.0,11.333333333333334,1.6666666666666667,10.0,15.333333333333334,17.0,10.333333333333334,12.666666666666666
716,17.0,7.666666666666667,11.333333333333334,6.666666666666667,9.666666666666666,22.333333333333332,23.0,25.0,26.333333333333332
717,14.0,5.0,9.0,4.333333333333333,8.0,12.666666666666666,16.0,16.666666666666668,12.0
718,9.0,7.333333333333333,12.0,4.666666666666667,12.666666666666666,22.0,27.0,14.0,18.666666666666668
719,10.0,5.333333333333333,10.333333333333334,6.0,11.666666666666666,11.666666666666666,20.333333333333332,8.666666666666666,13.0
720,15.0,11.0,13.666666666666666,7.333333333333333,11.666666666666666,20.333333333333332,27.0,26.333333333333332,26.333333333333332
721,14.0,8.0,11.0,8.333333333333334,12.666666666666666,25.666666666666668,23.333333333333332,15.0,21.333333333333332
722,8.0,5.0,9.666666666666666,6.0,11.0,9.666666666666666,19.333333333333332,8.333333333333334,16.0
723,18.0,1.6666666666666667,10.0,4.333333333333333,11.333333333333334,8.0,11.0,7.666666666666667,8.333333333333334
724,8.0,6.0,9.333333333333334,2.0,10.0,16.333333333333332,24.0,10.666666666666666,6.333333333333333
725,9.0,5.333333333333333,12.0,5.333333333333333,13.0,11.666666666666666,14.666666666666666,10.333333333333334,17.0
726,13.0,4.666666666666667,12.666666666666666,2.0,7.0,9.0,14.666666666666666,8.0,14.0
727,10.0,6.666666666666667,14.0,6.666666666666667,11.0,14.0,27.0,13.333333333333334,18.333333333333332
728,12.0,5.0,8.666666666666666,4.666666666666667,10.333333333333334,25.0,27.0,14.666666666666666,12.0
